users_id,users_screen_name,users_location,users_followers_count,users_friends_count,users_verified,tweets_id,retweets_count,favorites_count,langs,tweets_full_text
795785230661648384,marieuso,"Bel√©m, Brasil",690,539,False,1390718660512190466,0,3,pt,um lixo o banco next um lixo imprestavel . lixo lixo lixo lixo nunca usem esse lixo
1389305478837047297,oxinyard,,25,59,False,1390718389186859009,0,0,pt,foi s√≥ eu come√ßar a pesquisar sobre abrir conta no banco next e √© s√≥ o an√∫ncio que aparece pra mim agora
1378071741684183042,GanheDi85379078,,1,1,False,1390718222329131017,0,0,pt,"@memenginho üî•banco next pagando at√© r$200 por m√™süî•

1¬∞‚úîÔ∏èpreencha o formul√°rio e envie
2¬∞‚úîÔ∏èbaixe o app e continue o cadrasto para abrir a conta e poder fazer as indica√ß√µes. 
‚úîÔ∏èlink: https://t.co/vaieofhxtb https://t.co/gmkbbh1e40"
1378071741684183042,GanheDi85379078,,1,1,False,1390718017722585095,0,0,pt,"@boilingcastle üî•banco next pagando at√© r$200 por m√™süî•

1¬∞‚úîÔ∏èpreencha o formul√°rio e envie
2¬∞‚úîÔ∏èbaixe o app e continue o cadrasto para abrir a conta e poder fazer as indica√ß√µes. 
‚úîÔ∏èlink: https://t.co/vaieofhxtb https://t.co/ifvg4fljq2"
1378071741684183042,GanheDi85379078,,1,1,False,1390717957945368581,0,0,pt,"@rick19292830 üî•banco next pagando at√© r$200 por m√™süî•

1¬∞‚úîÔ∏èpreencha o formul√°rio e envie
2¬∞‚úîÔ∏èbaixe o app e continue o cadrasto para abrir a conta e poder fazer as indica√ß√µes. 
‚úîÔ∏èlink: https://t.co/vaieofhxtb https://t.co/dtdqwiozub"
1378071741684183042,GanheDi85379078,,1,1,False,1390717868808065024,0,0,pt,"@sx_natih üî•banco next pagando at√© r$200 por m√™süî•

1¬∞‚úîÔ∏èpreencha o formul√°rio e envie
2¬∞‚úîÔ∏èbaixe o app e continue o cadrasto para abrir a conta e poder fazer as indica√ß√µes. 
‚úîÔ∏èlink: https://t.co/vaieofhxtb https://t.co/z2jzcocuc9"
1378071741684183042,GanheDi85379078,,1,1,False,1390717807101415430,0,0,pt,"@cachorrodocupom üî•banco next pagando at√© r$200 por m√™süî•

1¬∞‚úîÔ∏èpreencha o formul√°rio e envie
2¬∞‚úîÔ∏èbaixe o app e continue o cadrasto para abrir a conta e poder fazer as indica√ß√µes. 
‚úîÔ∏èlink: https://t.co/vaieofhxtb https://t.co/gofjmilaxl"
183240912,rafamoretti,"Nova Campinas, Duque de Caxias",604,607,False,1390703738134872064,0,1,pt,"consegui mudar o nubank, caixa, next mas o bendito do ita√∫ eu tenho q ir na ag√™ncia autorizar o itoken! √≥dio desse banco! üò†üò†üò†"
1383862737277579270,SilasSa85606110,,69,257,False,1390689659638923268,0,0,pt,"banco next pagando 10 reais pelo cadastro 
passo 1 clica no link

passo 2 faz o cadastro

passo 3 aguarda aprovar a conta

passo 4 ganhe 10 reais de bonus na conta s√≥ por fazer o cadastro aah eu ganho tamb√©m 
https://t.co/navkhgh9ue"
1186070426407055360,upguardiao,"Catal√£o, Brasil",350,1016,False,1390680387173724162,0,3,pt,"pra galera do banco roxinho, qual o segredo agora pra passar os 400 de limite ?
(pse, aumentaram meu limite essa semana, finalmente vou sair do next)"
1378071741684183042,GanheDi85379078,,1,1,False,1390673611451666440,0,0,pt,"@junior_raeder üî•banco next pagando at√© r$200 por m√™süî•

1¬∞‚úîÔ∏èpreencha o formul√°rio e envie
2¬∞‚úîÔ∏èbaixe o app e continue o cadrasto para abrir a conta e poder fazer as indica√ß√µes. 
‚úîÔ∏èlink: https://t.co/vaieofhxtb https://t.co/fcvujqwwmd"
1378071741684183042,GanheDi85379078,,1,1,False,1390673571446468608,0,0,pt,"@ethienearruda üî•banco next pagando at√© r$200 por m√™süî•

1¬∞‚úîÔ∏èpreencha o formul√°rio e envie
2¬∞‚úîÔ∏èbaixe o app e continue o cadrasto para abrir a conta e poder fazer as indica√ß√µes. 
‚úîÔ∏èlink: https://t.co/vaieofhxtb https://t.co/tdbp0bdttj"
1378071741684183042,GanheDi85379078,,1,1,False,1390673477951234048,0,0,pt,"@blogjaquesantos üî•banco next pagando at√© r$200 por m√™süî•

1¬∞‚úîÔ∏èpreencha o formul√°rio e envie
2¬∞‚úîÔ∏èbaixe o app e continue o cadrasto para abrir a conta e poder fazer as indica√ß√µes. 
‚úîÔ∏èlink: https://t.co/vaieofhxtb https://t.co/ne9sn1qadg"
1378071741684183042,GanheDi85379078,,1,1,False,1390673434397523969,0,0,pt,"@silviaribas12 üî•banco next pagando at√© r$200 por m√™süî•

1¬∞‚úîÔ∏èpreencha o formul√°rio e envie
2¬∞‚úîÔ∏èbaixe o app e continue o cadrasto para abrir a conta e poder fazer as indica√ß√µes. 
‚úîÔ∏èlink: https://t.co/vaieofhxtb https://t.co/fz2oc4qaod"
1378071741684183042,GanheDi85379078,,1,1,False,1390673382077775878,0,0,pt,"@021kevensilva üî•banco next pagando at√© r$200 por m√™süî•

1¬∞‚úîÔ∏èpreencha o formul√°rio e envie
2¬∞‚úîÔ∏èbaixe o app e continue o cadrasto para abrir a conta e poder fazer as indica√ß√µes. 
‚úîÔ∏èlink: https://t.co/vaieofhxtb https://t.co/olpuv1kjad"
1378071741684183042,GanheDi85379078,,1,1,False,1390673304311242755,0,0,pt,"@corveiroff üî•banco next pagando at√© r$200 por m√™süî•

1¬∞‚úîÔ∏èpreencha o formul√°rio e envie
2¬∞‚úîÔ∏èbaixe o app e continue o cadrasto para abrir a conta e poder fazer as indica√ß√µes. 
‚úîÔ∏èlink: https://t.co/vaieofhxtb https://t.co/7sadkpziw3"
1378071741684183042,GanheDi85379078,,1,1,False,1390673263592882179,0,0,pt,"@jucijsantos üî•banco next pagando at√© r$200 por m√™süî•

1¬∞‚úîÔ∏èpreencha o formul√°rio e envie
2¬∞‚úîÔ∏èbaixe o app e continue o cadrasto para abrir a conta e poder fazer as indica√ß√µes. 
‚úîÔ∏èlink: https://t.co/vaieofhxtb https://t.co/txux0wpesu"
1378071741684183042,GanheDi85379078,,1,1,False,1390673215744262145,0,0,pt,"@claudionasc74 üî•banco next pagando at√© r$200 por m√™süî•

1¬∞‚úîÔ∏èpreencha o formul√°rio e envie
2¬∞‚úîÔ∏èbaixe o app e continue o cadrasto para abrir a conta e poder fazer as indica√ß√µes. 
‚úîÔ∏èlink: https://t.co/vaieofhxtb https://t.co/gemnixwdhf"
1378071741684183042,GanheDi85379078,,1,1,False,1390673179799130115,0,0,pt,"@nilda07918523 üî•banco next pagando at√© r$200 por m√™süî•

1¬∞‚úîÔ∏èpreencha o formul√°rio e envie
2¬∞‚úîÔ∏èbaixe o app e continue o cadrasto para abrir a conta e poder fazer as indica√ß√µes. 
‚úîÔ∏èlink: https://t.co/vaieofhxtb https://t.co/6hhymimvp1"
1378071741684183042,GanheDi85379078,,1,1,False,1390673096101797895,0,0,pt,"@fernand49502512 üî•banco next pagando at√© r$200 por m√™süî•

1¬∞‚úîÔ∏èpreencha o formul√°rio e envie
2¬∞‚úîÔ∏èbaixe o app e continue o cadrasto para abrir a conta e poder fazer as indica√ß√µes. 
‚úîÔ∏èlink: https://t.co/vaieofhxtb https://t.co/z9hqudzfho"
1224142929591259136,guanixim2,recife PE ,195,214,False,1390670266976645125,0,2,pt,"banco next ü§ù shopee

homofobicos pq n deixam eu comprar as coisa q eu quero"
1224142929591259136,guanixim2,recife PE ,195,214,False,1390670065209589766,0,1,pt,banco next homof√≥bico n deixa eu comprar na shein
90678800,normanitorrez,S√£o Paulo,36462,148,False,1390649425131888640,0,1,pt,"quando me perguntavam entre next ou nubank eu sempre dizia: next. mas gente pelo amor de deusssss n√£o fa√ßam essa besteira!!!! n√£o existe banco digital com pior atendimento do que a next. tudo eles s√≥ resolvem por chat, um atendente pior que o outro √© a demora pra responder ent√£o?"
70959703,OficialBBB21,"S√£o Paulo, Brasil",42616,650,False,1390600028654297093,1,1,pt,"&gt;&gt;&gt;&gt;banco digital next&lt;&lt;&lt;&lt;

√∫nico banco digital que facilita cr√©dito para negativados e score baixo ¬Æ

# cr√©dito para negativados
# cr√©dito para score baixo
# empr√©stimo pessoal
e muito mais..

preencha a proposta no site abaixo e veja seu limite.

https://t.co/dyfbifhoas"
1379424380644691970,SilvaEwander,,0,51,False,1390509069027397633,1,2,pt,"olha, muito f√°cil utilizar o whatsapp pay! parab√©ns aos envolvidos!! facebook, cielo, visa, mastercard, bradesco, banco do brasil, ita√∫, inter, mercado pago, next, nubank, sicred, e woop. ciel3"
1211347197234561024,viitooooorr,he/him/she/her,136,1288,False,1390491338718728197,0,0,pt,"üí∏ t√≠tulos de capitaliza√ß√£o.

√© o famoso pic. eles te cobram um valor x por m√™s, e voc√™ concorre a pr√™mios, e economiza o dinheiro. parece bom demais, n√©? mas √© uma bosta.

rendimento bosta, n√£o tem como voc√™ ganhar, isso s√≥ √© uma boa ideia pro banco.

next!"
2860653720,Freddyamz,RJ/AM,476,395,False,1390482751493656585,0,0,pt,banco que eu nunca vou ter next pense um banco ruim
67447826,giperfetti,,450,437,False,1390414550730780675,0,0,pt,"banco next virou kwai 
indica pra um amigo e ganha 10 conto se o amigo criar conta

ps: caso algu√©m queira criar conta eu indico t√°?!?!?!?!!?!"
1279661417017364480,kerline_tenorio,"Garanhuns, Brasil",845,989,False,1390403832681746434,0,1,pt,to acreditando n√£o que para abrir uma conta no banco next precisa at√© fazer uma v√≠deo falando kkkk mas eu amei essa banco
973069759561519104,PedroHe22599495,"Rio Branco, Brasil",20,119,False,1390381067840933893,0,1,pt,ol√° banco next @falanext https://t.co/6evlnnwlqi
968160645345574913,SeuCredito,,2125,787,False,1390362564706582531,0,2,pt,"at√© o fim de mar√ßo, o next alcan√ßou 4,4 milh√µes de clientes. o banco digital do bradesco agora quer chegar a 7 milh√µes de clientes em 2021. üòÆ
#aumentodeclientes #bancobradesco #bancodigitaldobradesco #bradesco #canaisdigital #expans√£onext #metanext #next

https://t.co/ztzyiubcrn https://t.co/scdlv6ipd1"
811283423696396288,tuvidaanahi,agpp.ahr.mbp.ch.rbd,1683,1237,False,1390357599950868480,0,0,pt,genteee algu√©m aqui usa o banco next  e recomenda ???
1213680500205748224,ddudacostaa,,400,289,False,1390345158630256641,0,1,pt,eu e meu namorado chegamos a conclus√£o que o banco next foi um tcc de faculdade que n√£o foi corrigido ainda
67438365,gimmeguss,"Sao Paulo, Brazil",5380,1009,False,1390335618618642435,0,0,pt,"nunca vi um banco t√£o carente igual o next, fica mandando sms o dia todo q inferno"
1356071872274837507,carolina70x7_,"aratuba, vera cruz, bahia",34,653,False,1390315694621868034,0,0,pt,s√≥ eu n√£o t√¥ conseguindo entrar no app banco next? https://t.co/q3svidcp9t
1020120894570729477,DuarteTallys,,688,653,False,1390145353874280449,0,0,pt,next √© o melhor banco que tem kk s√©rio
781537603,smokingbeez,"Rio de Janeiro, Brasil",466,246,False,1390144994405650433,0,2,pt,caraca nunca vi banco mais esquisito que o next nunca me arrependi tanto de ter uma conta
466651724,edulima25,"S√£o Paulo, Brasil",232,1227,False,1390080695670906886,0,0,pt,"@vazorlnd eu tenho no next, √© legal por estar junto do bradesco e p√°, tem umas coisas que √© pr√°tico. mas o atendimento pra algumas coisas √© lixo, s√≥ que a√≠ acho que √© um problema que todo banco digital tem."
1112800514763378689,aamandaolivieer,,223,133,False,1390079025612218368,0,1,pt,esse banco next √© uma merda
967162768037212160,nicolasspedro,"S√£o Jos√©, Brasil",205,299,False,1390069634473369600,0,0,pt,next √© um banco muito merda
1327829903580991488,Araujo_GKB,,41,348,False,1390068876537483264,0,4,pt,"@joa_ap @larissa_eqi aumentaram o cr√©dito e reduziram custo. tiveram ganho com tesouraria tb. de fato tiveram perda com servi√ßos banc√°rios (mas o bbdc teve redu√ß√£o de apenas 2,6%).seguro cresceu 40% no tri. o roe foi 18,7% ante 11% no 1t20(qdo o banco tava uns 30$).
√°gora cresceu 55% e next 92%."
56088092,pesfetiche,,610,240,False,1390051075269480452,0,0,pt,normal usarem o banco next para aplicarem golpe.  ??
3376918265,bembolad00,"Bandeirantes, Brasil",3363,451,False,1390012912727732226,0,0,pt,qem qer abri uma conta no banco next??? eu indico caraiiii!
1336350297464115202,henryexplicito,Brasil,152,169,False,1390011427705040898,0,0,pt,criei uma conta no next e j√° vou fechar q porcaria de banco mt ruim
18312030,viniciuscharife,"Rio Branco, Acre, Brasil",1041,484,False,1390007854921396224,0,1,pt,"qual o melhor banco digital? inter, next ou c6?"
926450939325710336,_GbrielSilva_,"Bras√≠lia, Brasil",300,852,False,1389980790273019916,0,0,pt,@next o que t√° rolando com o app do banco que n√£o t√° acessando pelo amor de deus me ajuda a√≠
1226591332384333824,baleuska,,57,160,False,1389979019131727872,0,0,pt,vcs j√° tentaram resolver algo pelo chat do next? meu deus toda vez que tenho b.o com esse banco me arrependo de ainda usar ele
54925927,abranet_brasil,"S√£o Paulo, Brasil",1663,16,False,1389959294058172416,0,0,pt,"ser√° poss√≠vel enviar at√© mil por transa√ß√£o e receber 20 transa√ß√µes por dia, limite de r$ 5 mil por m√™s. o nome oficial √© facebook pay. o servi√ßo ter√° 9 emissores: banco do brasil, bradesco, inter, ita√∫, mercado pago, next, nubank, sicredi e woop sicredi. 
https://t.co/rebymcuctp"
107479573,AleSchrammel,VA - US / SP - BR,147,186,False,1389942786246520837,0,0,pt,al√©m do app do banco next ser horr√≠vel eu ja fui transferido 3 vezes tentando encerrar essa porcaria. @bancocentralbr @bradesco
545950346,dalmagromarcelo,"Bras√≠lia, Brasil",57,494,False,1389895826458226690,0,1,pt,"base de clientes do next cresceu 91%, fechando 1tri/21 com 4,4 milh√µes. banco inter cresceu base de clientes 106% com 10,2 milh√µes de clientes. bradesco gerou lucro de r$ 6,5 bilh√µes no 1tri/21. quanto ser√° o lucro do banco inter com essa base clientes 2x maior que a do next ? ü§î"
3051101975,qezia_,"Salvador, Bahia",947,148,False,1389887305037529088,0,0,pt,"banco pagando 10,00 por indica√ß√£o.
link: 
al√©m de mimos exclusivos. ganha r$ 10,00. abra sua conta e experimente!
https://t.co/qd8eggs4xo
#julietecampea #bbb21 #bestfanarmy"
127951605,paolabmarinho,Rio de Janeiro - Brasil,309,476,False,1389886757014065154,0,1,pt,queria que algu√©m tivesse me aconselhado a n√£o ser banco next.
3864337997,kaIiuchira,"Lisboa, Portugal",2232,926,False,1389776455102500865,0,0,pt,next pior banco do mundo
614353919,Jhonathasf,F O R T A L E Z A,1054,2299,False,1389765814228770817,0,0,pt,"eu tenho muito medo de ser igual o next, na vida real, toda novidade que eles anunciam pro banco, os concorrentes j√° tem h√° mil√™nios. e ainda sim, n√£o tem como adiantar pagamento..."
1381813476872556545,xuliagomesz,"Goi√°s, Brazil",539,459,False,1389747543265923073,0,0,pt,"sabores banco neon, bradesco, next e nubank https://t.co/9p1qwuesqy"
1335832075002388480,VitorZO2,,34,78,False,1389738932498309122,0,1,pt,"e o meu banco next dizendo que eu j√° posso transferir dinheiro pelo wpp... irm√£o kkkkkkkkkkkkkk
que dinheiro? t√° brincando cmg muito s√©rio esse banco"
1247282248052887553,Assaf0013,E= h.f,7,229,False,1389731428250832897,0,1,pt,"@pittybritty @helocruz acho que tem. estrutura, tecnologia e muito dinheiro. e  dominam o processo de emprestar como nenhuma fintech ou banco digital.  banco inter com 10mm sendo apenas 5mm ativos j√° revela a dificuldade em monetizar sua base. o next j√° bate de frente enquanto todos olham bidi11."
2189152598,glnkms,"Itaja√≠, Santa Catarina",671,522,False,1389724082913021952,0,1,pt,"nenhum outro banco vai ultrapassar o √≥dio que eu sinto pelo next, inferno"
1272591746,israel_massa,"Sao Paulo, Brazil",24575,712,False,1389722301843886082,10,291,pt,"banco inter cresceu a base de clientes 106% p/10,2milh√µes de clientes comparando 1tri/20 vs 1tri/21 

bradesc√£o dinossauro raiz printou r$6,5bilh√µes de lucro no tri, com o next dobrando a base de clientes(+91%)

realmente √© a situa√ß√£o √© preocupante... https://t.co/tdtgpqcswk"
1272591746,israel_massa,"Sao Paulo, Brazil",24575,712,False,1389721070421356548,12,446,pt,"*bradesco : base de clientes do banco next dobra(+91%) a base de cliente vs. 1tri/20, next hoje conta com 4,4milh√µes de clientes."
1238195961240879104,arlisson_pm,"Porto Alegre, Brasil",1196,1252,False,1389715104707616768,0,0,pt,"whatsapp lan√ßa transfer√™ncia de dinheiro.

est√° dispon√≠vel  para clientes das seguintes institui√ß√µes financeiras:

 banco do brasil, banco inter, bradesco, ita√∫, mercado pago, next, nubank, sicredi e woop sicredi, com as bandeiras visa e mastercard. https://t.co/ll8t5sckxv"
1021725446931718145,dav_vie_e,,150,202,False,1389711071355736067,0,0,pt,@tayhuhu_ o morcego pelo banco next t√° com desconto
2174983022,vittcrf_,"Rio de Janeiro, Brasil",837,840,False,1389709525725364225,0,0,pt,adiantei as parcelas do next pra cancelar essa merda e me livrar desse banco horr√≠vel
3975407548,renanfrrcl,"Florian√≥polis, Brasil",533,481,False,1389706207816912907,0,0,pt,"ol√°! esta √© uma indica√ß√£o de renan ferracioli para voc√™ abrir uma conta gratuita no next, o banco digital que faz acontecer. se voc√™ entrar pro next, seu amigo ainda ganha r$ 10,00. abra sua conta e experimente!
https://t.co/mw69lwj57o"
15509258,igorlt,Brazil,3519,575,False,1389674420143284228,1,2,pt,"esse v√≠deo mostra como o servi√ßo funciona. n√£o h√° cobran√ßa de tarifa adicional e o servi√ßo √© compat√≠vel com bradesco, ita√∫, banco do brasil, nubank, inter, next, mercado pago, sicredi e woop. https://t.co/ufuiadag8g"
1223697188452294657,SamuelSales_16,,32,60,False,1389668630644858881,0,0,pt,algu√©m quer um convite do banco next? rs
615507602,thigucury,"Rio de Janeiro, Brasil",1765,889,False,1389660152165543938,0,0,pt,eu acho que sou o cliente favorito do banco next
1254881254954209280,M1guelSantana,"Bahia, Brasil",213,599,False,1389641629586403330,0,9,pt,"@luccaoneal @badstargazer doritos banco neon, bradesco, next e nubank"
628874082,marcellergs,,1649,319,False,1389614338747551744,0,0,pt,esse next √© uma bela de uma bosta banco infernal vou guardar meu dinheiro no cu mas n√£o ponho nesse banco mais
932286092954472448,Valdirmdes,"Ibirit√©, Brasil",47,79,False,1389601576998871044,0,0,pt,@fernandocluiz @luizfalvesjr banco digital do bradesco chama-se next e do itau iti.
858106805607686144,rewolucyjny,"S√£o Paulo, Brasil",104,496,False,1389597313807618049,0,0,pt,eu odeio o banco next e o bradesco com todas as minhas for√ßas e tomara que eles vejam esse tweet pra eu poder responder diretamente pra eles que eu os odeio
291301986,viana_lucass,"Bel√©m, Brasil",1135,2103,False,1389588629660577796,0,1,pt,"@chinozera @favnowns e next √© um banco que manda mimo at√© para seus clientes, eu que comprei a camisa deles 20+ frete"
3679149743,bunnxby,,210,225,False,1389574931957096449,0,0,pt,banco next te odeio mais q tudo pf limpa meu nome
1248334733689458688,deniitoss,"Manaus, Brasil",4372,4214,False,1389549859506638857,0,1,pt,@bbeasz tu tem banco next
1248334733689458688,deniitoss,"Manaus, Brasil",4372,4214,False,1389549643697168386,0,0,pt,@wve_ewv e o banco next tu ja tem
499911111,fxlws,,16949,4987,False,1389445888897073152,0,0,pt,at√© o banco do brasil e o next me deram mas nada do nubank
1421947550,zaynzinha,fan acc,10377,5867,False,1389426027257020420,0,1,pt,@silvera_20 eu recebo e vou direto no banco bradesco (no caso eu uso o next) e deposito l√° kkkkkkkkk eu queria saber como funciona a fun√ß√£o de trazer sal√°rio q tem nesses bancos
1389405936494813187,Edilson42601726,,0,1,False,1389409608029065217,0,0,pt,boa noite tudo bem eu quero saber com fosona fazer todos email nome completo tefone eu perdi email s√≥ eu dos outro email tem  aplicativo next banco
79184083,Bradesco,Brasil,196715,3,True,1389364756046401542,0,0,pt,"@allanfreitasti oi! o saque foi feito pela conta do banco next? se sim, oriento que fale com a central de atendimento para auxiliarem no estorno do saque. 
https://t.co/kmagxcytta"
1096938192538873856,g_coladela,"S√£o Paulo, Brasil",99,175,False,1389299065117155334,0,0,pt,next √© o pior banco de todos existentes vai toma no cu
152459509,biebzdude,,2548,215,False,1389295702459682818,0,1,pt,o banco next √© muito ruim mds por que eu fui fazer isso com a minha vida
1024809528171343872,aestheticzidian,22y üîû infp ¬∑ fluid-gender,5077,4540,False,1389255052666277891,0,1,pt,"@hinatas_123 banco do brasil, bradesco, next e nubank feels"
3118425196,Lol22tato,,117,418,False,1389058663873236994,0,2,pt,"24 hrs p ficar de maior
alo alo banco next , nubank , melliuz 
to chegando mano gra√ßas a deus"
810137065396535296,srJansin,"Guaratiba, Rio de Janeiro",1601,1089,False,1388982044001251328,0,1,pt,"a next tem muito o que aprender com a nubank, nubank tu paga e j√° libera o limite, a next tu paga e esperar uns 4/5 dias pra liberar o limite, banco fei"
965217409937395712,probablynotmadu,infj ,1542,1735,False,1388959642303311873,0,0,pt,falaram que o banco next da mais limite q os outros... vou falar q ganho 3 mil por m√™s!!! eles n√£o pedem comprova√ß√£o mesmo!!!!
859504996580294657,kthbecause,‚†Ä‚†Ä‚†Ä‚†Ä‚†ÄùóØùó¥‚†Ä‚¨î‚†Ä‚àï‚†Äñ£±‚†Ä„Ä®‚†Ätùò∏‚†ÄÊ≠å‚†Ä‚øª ,1587,1286,False,1388871131969490949,0,0,pt,"melhor banco de todos, eu amo 
https://t.co/x9duupzr5t"
43810996,williamjornal,"S√£o Paulo, Brasil",3246,1675,False,1388864026776678404,0,0,pt,banco digital next e fallen juntos em parceria https://t.co/ebkvbbwmfs via @jrs_digital
261833893,segsbr,,88,179,False,1388856079346405379,0,0,pt,"banco digital next e fallen juntos em parceria
#segurosbr 
https://t.co/gcq40iyzbg"
79184083,Bradesco,Brasil,196715,3,True,1388546037808345090,0,1,pt,@eguaandre vc precisa de algum servi√ßo relacionado ao banco next?
33320098,mkt_esportivo,Brasil,69697,679,True,1388538707032952837,10,371,pt,"banco digital next anuncia @fallencs como novo embaixador.

https://t.co/d83zdsr0nb https://t.co/f7mzvyi1l5"
2953723703,alerochaxx,,534,571,False,1388482186354044931,0,0,pt,"que conveniente, tentei encerrar a minha conta no banco next e o sistema est√° ‚Äúfora do ar temporariamente‚Äù"
107113834,ChrisTurco010,RJ/RJ,3252,870,False,1388206247447568389,0,0,pt,"@myra97 ""modalidade de cesta exclusiva para clientes do banco next."""
36241814,Myra97,,331,487,False,1388200917208604673,0,0,pt,"@christurco010 nossa seje firme homi.... n√£o se deixe enrolar. 
https://t.co/eluogbh1ij https://t.co/d2bo804dk5"
217514392,Versalyt,,234,928,False,1388174000770138116,0,2,pt,o next √© o pior banco digital j√° inventado. s√©rio amigos. n√£o indico a ningu√©m.
1271692670985961474,maricposs,"S√£o Lu√≠s, Brasil",199,164,False,1388154353433841665,0,2,pt,"esse tal banco next √© uma porcaria, q inferno"
107282221,moraisjessicaa,"Rio de Janeiro, Brasil",98,171,False,1388128094893056001,0,0,pt,"@_alineramos mano, imaginei a fila tipo de banco pra entrar, tomar banho, tirar foto e next."
23317513,CidadeMarketing,Brasil,85932,36313,False,1388124249177591810,0,0,pt,banco digital next e fallen juntos em parceria - https://t.co/rv74oaof3p @falanext https://t.co/gzxkntqwdc
16747407,bizmktesporte,World,697,1059,False,1388084985010262018,0,0,pt,banco digital next anuncia fallen como novo embaixador https://t.co/qh3jkyglat https://t.co/os67vlgt3y
81902800,decossauro,"Macei√≥, Brasil",6089,5218,False,1387993626454773761,0,1,pt,"ol√°! esta √© uma indica√ß√£o de andr√© marques para voc√™ abrir uma conta gratuita no next, o banco digital que faz acontecer."
81902800,decossauro,"Macei√≥, Brasil",6089,5218,False,1387993295633125381,0,0,pt,banco next com indica√ß√£o amei viu
1313826028947738625,dogboladocomtud,,3,278,False,1387962667277635584,0,0,pt,@fxedward3 @loud_lucca1f n√£o √© nem o teu abad√° equipe do banco next kkkkkkk
378884983,deadbypatricinh,,85,287,False,1390727585814953986,0,0,pt,"nunca fa√ßam conta no @falanext 
eis o porqu√™... https://t.co/fvuabwzrrv"
1195766486138261509,bruunur,"Parna√≠ba, Brasil",34,149,False,1390727382605107202,0,0,pt,"@falanext voc√™ pode estornar o valor que voc√™ descontou na minha conta sem motivo, mo, isso que voc√™ pode fazer para me ajudar."
1390723533374951429,Princesoff2,,0,2,False,1390725507021524993,0,0,pt,@fluxo_gg @cerolzera @falanext eiii free fire √© minha vida da um codguim da arma pq n√£o tenho nenhuma evolutiva
1849271534,editraia,,20394,6972,False,1390724000729477121,0,0,pt,"@falanext usem minha indica√ß√£o pra me ajudar, por favor fml https://t.co/nhpsynrr32"
1389830344967430144,JRZINN57385695,"Aracaju, Brasil",0,10,False,1390720071199248391,0,0,pt,"@fluxo_gg @cerolzera @falanext cerol, mim ajudar a comprar um celular novo, pq o meu s√≥ trava no ff"
1389830344967430144,JRZINN57385695,"Aracaju, Brasil",0,10,False,1390719424550813700,0,0,pt,@fluxo_gg @cerolzera @falanext coisas boassss
120496218,prodXPaD,,234,339,False,1390719025571893250,0,0,pt,@braggswav @falanext eu acho que o next √© do bradesco ou coisa do tipo kkkkk
905228285679951873,vemindio,Pelotas/RS,21,89,False,1390718971821928450,0,0,pt,@falanext aqui. https://t.co/bdgxwzc2vk
2205342493,amjnda,,520,239,False,1390715416125792257,0,0,pt,nao sabia que podia encerrar o atendimento ate o cliente dizer q est√° resolvido. fa√ßo o que pra sacar o dinheiro no banco agr? @falanext
1369614156928782338,kleb_sonjr,"Balne√°rio Cambori√∫, Brasil",13,135,False,1390715030971293699,0,0,pt,@falanext me ajuda
1324734119608258562,FXMelk,ele/dele,365,509,False,1390710750767943683,0,0,pt,@fluxo_gg @falanext v√≠deo t√° √≥timoo
1009163481076191232,p_ricaardo,"Navegantes, Brasil",60,90,False,1390709888179965959,0,0,pt,"@falanext olhem a hora, e eu nunca fui atendido! que descaso https://t.co/ssugewiki6"
1528790149,xmanuzinhaa,,990,639,False,1390706608041308166,0,0,pt,@fluxo_gg @falanext o v√≠deo t√° mto bommm
64769889,Mah221084,Brasil,19,210,False,1390703229600665607,0,0,pt,@falanext ocorreu um erro! s√≥ aparece isso.
1175095596530753537,xmorningmare,mato grosso,88,122,False,1390703115926708227,0,1,pt,amo o conceito do banco digital que nunca ta com o app funcionando @falanext https://t.co/j0rgii8phv
1354619186442625025,xmorena__,Italia,32,159,False,1390701729558241281,0,1,pt,@fluxo_gg @falanext o v√≠deo que eu estava tanto esperando üòçüòç
1374705372552904706,eei_manuuh,"S√£o Paulo, Brasil",65,216,False,1390699406530424836,0,1,pt,"@fluxo_gg @falanext coisa boa, üèÉüèª‚Äç‚ôÄÔ∏èüèÉüèª‚Äç‚ôÄÔ∏è"
1304142132865884174,HudsonBreno1910,"Campo Grande, Brasil",162,209,False,1390698866467655681,0,1,pt,@fluxo_gg @falanext oi est√°gi me d√° oi
1373073482586722308,samyglery,Stan do ‚ú®maior‚ú® ,320,347,False,1390698544953237504,0,1,pt,@fluxo_gg @falanext boa tarde estagi
1366114322963955713,_rayssasantx,üåµ,72,120,False,1390698335468720134,0,1,pt,@fluxo_gg @falanext vou ir l√° assistir agora
1350185387273158656,fluxo_gg,,100447,17,False,1390698030223986691,22,396,pt,"saiu v√≠deo novo no canal! üî• 

hoje teremos um v√≠deo especial, vamos mostrar em detalhes a viagem da nossa equipe do fluxo para o mundial de singapura üòé

confira o v√≠deo completo, tropinha: 
üîó https://t.co/jqjpjwsyym

@falanext 

#segueofluxo https://t.co/wf8pkn47f4"
1700662410,NXuxulete,Jd. Colorido,10,109,False,1390697969335349251,0,0,pt,@falanext est√° com inconsist√™ncia sist√™mica? n√£o estou conseguindo fazer nenhuma transa√ß√£o no banco!
3149655677,guyunderhugo,Goi√¢nia,539,554,False,1390695942282747907,0,0,pt,@soubleno @falanext faz melhor!
382960433,soubleno,"Goi√¢nia, Brasil",1817,1367,False,1390695775768924160,0,0,pt,acho o ux da @falanext mto ruinzinho viu... eu fico q nem uma senhora de 80 anos nessa interface bicho
1378076920345206789,_hawom,"Maranh√£o, Brasil",56,90,False,1390692256592564229,0,0,pt,@falanext custava aprovar meu cr√©dito???????????
1332030242416963585,Vanessa70808527,,2,22,False,1390690361513844739,0,0,pt,"@falanext eu t√¥ fazendo discurso mesmo , kkkkk v√£o mudar de banco simm, n√© migles"
1240475107,erikaaob,"Manaus, Brasil",1104,914,False,1390689338489548803,0,0,pt,@falanext o que adianta se demoram mais de 4 dias pra dar uma resposta ü•¥
916670681554866177,kingnamiee,Namu World,622,549,False,1390688698497445898,0,0,pt,@falanext me ajuda ai
288844763,xandii10,,44,125,False,1390679571851325440,0,0,pt,"@falanext j√° mandei msg e nada resolvido, pois sempre vem as msm op√ß√µes de mensagem autom√°ticas
e quando pedem pra eu resumir em poucas palavras volta tudo do zero!!!"
324989057,pleudro,"Jo√£o Pessoa, Brasil",151,224,False,1390675579234570241,0,1,pt,eu juro que s√≥ n√£o fecho minha conta no @falanext  pq preciso receber dinheiro por o bradesco. pq esse banco √© horr√≠vel.
1200650990267047936,b4dgirlsz,"Barueri, Brasil",420,388,False,1390673292676186115,0,1,pt,"senhor, quanto tempo pra cair dinheiro do bradesco para o next ? t√¥ preocupada ü§° @falanext me ajuda"
118052127,fe_deodato,S√£o Paulo - SP,252,416,False,1390669519044153346,0,0,pt,@falanext me ajuda aqui?
1256571732133019649,teimosaela,,2,40,False,1390668233619955712,0,0,pt,"@falanext socorro, estou aguardando um especialista h√° mais de 30 min no chat, o 0800 nao completa a liga√ß√£o. preciso resolver um problema at√© meio dia, #comofaz?"
89470046,danjustino,Rio de Janeiro,547,941,False,1390668121921540096,0,0,pt,"ahahhahahhaha! maluco mete um @falanext como envio e acha que vou cair num golpe porco desses. manucu, bicho! https://t.co/tpxugkntrh"
1307041352925024256,paredartes,,39,82,False,1390665874403647489,0,0,pt,@falanext em d√©bito e em boleto da essa mensagem me ajude https://t.co/z1ujqalm8g
54717891,carolinnadani,"Maranh√£o, Brasil",417,572,False,1390663501501419527,0,0,pt,"@falanext poxa @falanext, desde 7h atualizando os mimos pra garantir o mimo do telecine e j√° apareceu esgotado üòî"
1345923660557803525,Diogo10988325,,1,0,False,1390647085477814273,0,0,pt,"s√©rio, essa foi minha pior experi√™ncia com um banco, atendimento horr√≠vel, n√£o respondem com clareza. toda hora chamando um especialista diferente @falanext https://t.co/hio7jdatml"
1195766486138261509,bruunur,"Parna√≠ba, Brasil",34,149,False,1390642711359889408,0,1,pt,"para o @falanext /@bradesco roubar dinheiro das pessoas com encargos que s√≥ eles sabem o que √© em um sistema s√≥ deles, √© uma boa! mas ajudar o consumidor em qualquer coisa, nem atendimento fornecem! 
esse banco √© a pr√≥pria usina de chernobyl ap√≥s a explos√£o‚Ä¶"
916670681554866177,kingnamiee,Namu World,622,549,False,1390642681995476992,0,0,pt,@falanext isso j√° ta com uns dois dias
1288835971203641344,kellvingrego,S√£o Paulo,744,776,False,1390640581500616706,0,0,pt,@falanext voc√™s s√£o p√©ssimos!
959454924491849728,annxcarolinx,"Rio de Janeiro, Brasil",136,131,False,1390634423067062279,0,0,pt,"@falanext foi pago em d√©bito autom√°tico, no dia do vencimento. fatura atualizou mas o limite n√£o foi liberado :("
198201442,luccaaslc,Belo Horizonte - MG,419,224,False,1390618467225767943,0,1,pt,@gbpiloto @falanext sugiro o @reclameaqui
751173826277470209,Buzzitos1,"S√£o Paulo, Brasil",481,317,False,1390561602303373314,0,1,pt,@gbpiloto @falanext kkkkkkkkkkk mitos
268776485,gbpiloto,"Erechim, Brasil",181,508,False,1390561503305216000,0,0,pt,@buzzitos1 @falanext se atendessem no hor√°rio comercial tava bom https://t.co/5bgguilsk6
751173826277470209,Buzzitos1,"S√£o Paulo, Brasil",481,317,False,1390560874289639424,0,1,pt,@gbpiloto @falanext so atendem em horario comercial
268776485,gbpiloto,"Erechim, Brasil",181,508,False,1390554754724638721,0,1,pt,"obrigado @falanext  chamei, mandei as informa√ß√µes solicitadas e me deixaram no v√°cuo! esse √© o atendimento que o brasil gosta üòç https://t.co/6iof8e5uck"
1259878187556909056,HUGOFESTASPRODU,"Rio de Janeiro, Brasil",14,605,False,1390543650225000451,0,0,pt,@falanext responderam merda nenhuma
79274788,TwittaMellark,Ravenclaw - Hogwarts,733,464,False,1390525987796967426,0,0,pt,"@falanext opa, tudo bem? te convido pra ouvir a nova m√∫sica da pocah, ""nem on nem off"" ‚ú®

spotify: https://t.co/ye2n39thry
yt/coreografia: https://t.co/b8yrwdvo3h

ou√ßa nem on nem off"
2651992134,dudukkrl,MDM,42,210,False,1390523779990921217,0,0,pt,@falanext ahhh! obrigada por esclarecer minha d√∫vida. vou convidar mais amigos. rsrsrs
875520362766848002,cofgringa,üêã‚ö™Ô∏è‚ö´Ô∏è,597,639,False,1390502129056501768,0,0,pt,@satssmi @falanext ja diz o q aconteceu
16904132,paulofaguiar,S√£o Paulo,695,905,False,1390501431027830784,0,0,pt,"@falanext diplomata
bruxo
paladino
bacharel"
1023021290725228544,satssmi,,56,72,False,1390497448838246401,0,1,pt,"obrigada, @falanext por ser o pior banco de todos!"
1110018579674685441,PuertaThais,,34,107,False,1390496409523269632,0,0,pt,@falanext faz semanas que estou tentando cancelar um d√©bito autom√°tico da minha conta e sempre me passam para um especialista. o especialista nunca responde. j√° tentei contato no chat umas 5 vezes e nada.
2861583963,Gavrilovichffc,Onde Judas perdeu as botas,350,319,False,1390493642788327428,0,0,pt,@falanext eai oq eu fa√ßo bix√£o? poh √© sacanagem isso https://t.co/lepyomqnqg
1084202355539750912,catgost,Brasil,1,12,False,1390489687769460737,0,0,pt,"@falanext amei, iria ser legal tamb√©m se o indicado tambem ganhasse 10"
1040724331343618049,Solangemaives,,15,73,False,1390469353817137153,0,0,pt,"@falanext  como faz indica√ß√£o do app? n√£o encontrei a op√ß√£o, tem que atualizar?"
2651992134,dudukkrl,MDM,42,210,False,1390467528879710208,0,0,pt,@falanext me tira uma d√∫vida rapidinho... s√≥ eu que ganho ou meu amigo indicado tamb√©m ganha algo?
1304508487251132418,trvis_vv,"Houston, TX",37,120,False,1390457435203280904,0,0,pt,"@dgzinmc_ @derekluccas @falanext tenho m√≥ cota, acho suave o app"
1304508487251132418,trvis_vv,"Houston, TX",37,120,False,1390457005123457029,0,0,pt,"@dgzinmc_ @derekluccas @falanext fa√ßo varias transfer√™ncia pai, ele me liberam 800$ de limite mais ai eu neguei na epoca, e agora ja era nem consigo mais"
899411422047870976,RossiCristini,"Goi√¢nia, Brasil",750,610,False,1390455939489308673,0,0,pt,"@luizmgon @falanext @jotalafayette hahahah... @falanext , vc achou o erro??"
245457329,ana_rrrrrr,"Cruzeiro, Brasil",368,1434,False,1390451654332387328,0,0,pt,poxa @falanext ja indiquei 5 pessoas pra usarem o next e s√≥ agora voc√™s colocam recompensa pra isso?
327024506,DyorLuc,Curitiba ,453,221,False,1390445127445983234,0,0,pt,"existe algum aplicativo de banco pior que o @falanext, totalmente sem sentido, n√£o d√° pra entender nada das faturas"
1234420247328886784,Jovem7OG,,54,64,False,1390440597211729922,0,0,pt,@derekluccas @falanext pinto neles
1164340867953496064,gumxnt1,"Araras, Brasil",22,74,False,1390439703489519624,0,0,pt,@derekluccas @falanext mentira √© nada
3902998523,allanmenezes27,"Esteio, Brasil",102,182,False,1390438786895646721,0,0,pt,@derekluccas @falanext bgl √© o banco inter o nubank carai
920316861929189377,fariasenaofez,SP-011,58,145,False,1390438514140061698,0,1,pt,"@falanext @derekluccas para de se passar, bglh √© nubank"
1154337127901073408,rappraminhaalma,"Brixton, Bronx ou Baixada",32,138,False,1390438509002072065,0,0,pt,@derekluccas @falanext bglh √© c6
1304508487251132418,trvis_vv,"Houston, TX",37,120,False,1390436555253338116,0,0,pt,@falanext @derekluccas libera cr√©dito nunca carai
1304508487251132418,trvis_vv,"Houston, TX",37,120,False,1390436500496658437,0,0,pt,@derekluccas @falanext libera cr√©dito nunca
707767771,prodpabloryan,"Bel√©m, Brasil",864,624,False,1390435076874383369,0,0,pt,@derekluccas @falanext num √©
260981354,henriquedutra__,"Curitiba, Brasil",1057,808,False,1390432819340587008,0,2,pt,@derekluccas @falanext o cara tem conta no banco q nem existe
4883622341,bsbruno_eumemo,"Bras√≠lia, Brasil",34,205,False,1390431163064463365,0,0,pt,@derekluccas @falanext daqui a pouco libera pra voc√™ indicar tamb√©m relaxa
1117287854508363779,mxtheospjl,üêä,1119,730,False,1390430896860409865,0,0,pt,@derekluccas @falanext oq aconteceu de
419602245,derekluccas,"S√£o Paulo, Brasil",119723,332,False,1390430751817183233,4,170,pt,pior banco do mundo @falanext üëçüèæ
794320597,stephcdot,"Rio de Janeiro, Brasil",203,180,False,1390423080191864833,0,0,pt,alo @falanext bora criar a op√ß√£o pra pagar a fatura antes da data de vencimento
302935253,kl_sb1,Hogsmeade,55,86,False,1390423040899567617,0,1,pt,@yohannmatheus @falanext @nubank sim o atendimento da nubank √© perfeito
238678092,yohannmatheus,Off to the races,1026,537,False,1390418895203340288,0,0,pt,@kl_sb1 isso pq vc n conhece o da @falanext ‚Ä¶ o da @nubank √© o melhor de todos
2712672963,jxsxnt,,224,177,False,1390418728576245770,0,0,pt,@falanext √© que agora eu tenho um total de 3 amigos e os 3 j√° tem kkkkkkkkk
932036986017378304,LLLAvellar,Barra de Guaratiba,972,1897,False,1390417740972843016,0,0,pt,@falanext j√° viro vicio üíö vamos lucrar na pandemia
1376962002426458114,Jxnatxs,"Bras√≠lia, Brasil",65,94,False,1390416324082475015,0,0,pt,n√£o fa√ßam uma conta no next @falanext https://t.co/e4txltu50c
3063693669,gaug_cec,"Uberl√¢ndia, Brasil",878,1266,False,1390409919229222912,0,1,pt,al√¥ @falanext aumenta meu limite que vou lan√ßar as duas https://t.co/19wzo1wsem
68660474,solipzismo,"Florian√≥polis, eu acho.",384,724,False,1390409907653025798,0,0,pt,@falanext como fa√ßo pra parar de receber sms promocional?
1259878187556909056,HUGOFESTASPRODU,"Rio de Janeiro, Brasil",14,605,False,1390408519497785349,0,0,pt,"@falanext desbloqueia a merda da minha conta e s√≥ isso que eu quero , vou sacar o valor total que est√° l√° e fechar minha conta , e isso meu advogado j√° est√° tomando provid√™ncias contra vcs"
307649801,EuJansen,Belo Horizonte  -MG,1950,1881,False,1390405861944827904,0,1,pt,@niltonaarao @falanext e email.. toda hora
46215117,schoenecath,s√£o paulo,385,606,False,1390402220630347776,0,0,pt,"@falanext por qu√™ todo dia voc√™s me mandam sms oferecendo o disney+, eu respondo n√£o e que n√£o quero mais receber mensagens sobre essa promo√ß√£o, e continuo recebendo do mesmo jeito?"
1369736282994249730,entrelinhascrim,,12,47,False,1390400784265846786,0,1,pt,"@niltonaarao @falanext eu nem perguntava, j√° ia logo pro jec. essas mensagens s√£o infernais demais."
973878177746575360,niltonaarao,,64,220,False,1390399844846608389,0,1,pt,ei @falanext como que fa√ßo para parar de receber mensagens sms de voc√™s o dia inteiro?
2712672963,jxsxnt,,224,177,False,1390399188253478912,0,0,pt,@falanext eu indiquei voc√™s pra 90% do meus amigos em 2017 e agora que vcs vem com isso????? üò≠üò≠
112866312,sapataociclista,Salvador - BA,86,238,False,1390398030810128384,0,0,pt,"eu ja passei por atendimento ruim, mas esse do @falanext sempre se supera."
845019578669416448,jndopb,"leste inferior, Nilton Santos",997,885,False,1390397235574235136,0,0,pt,meu deus do c√©u a @falanext √© um lixo
1390394441576460292,Everald53078273,,0,0,False,1390396450534793218,0,0,pt,@falanext @helen93345263 como recuperar minha conta next
905228285679951873,vemindio,Pelotas/RS,21,89,False,1390395871192395776,0,0,pt,"@falanext @falanext alou, s√≥ queria tirar meu extrato do ano todo, s√≥ isso mesmo :/ tem como ajudar?"
35836560,brunorenno,"Rio de Janeiro, Brazil",1956,24,False,1390395420174659589,1,1,pt,vcs sabiam que o aplicativo do @falanext tira uma foto sua toda vez que voc√™ o abre? antes de digitar a senha.
4572904719,_larissh,"Osasco, Brasil",60,493,False,1390395333537107971,0,3,pt,"@falanext meu consagrado
meu chegado 
meu chuchu 
meu anjo"
2651992134,dudukkrl,MDM,42,210,False,1390393883041976324,0,0,pt,@falanext obrigada viuüòç
244337208,giocartapatti,"S√£o Paulo, Brasil",475,1441,False,1390392938274992132,0,0,pt,@falanext anjo‚Ñ¢Ô∏è
1379864038860017664,yiezus,,56,57,False,1390391456733536266,0,0,pt,@nubank nao fala assim cmg... to triste vo fechar a conta e ir pro @falanext
82218423,Gabry1907,,11,52,False,1390390534053801986,0,0,pt,"@falanext j√° t√¥ mandando link pros brothers, e fazendo aquela palestrinha do pq mudar pro @falanext e muito melhor q fica nos banc√µes da vida. üëäüíöü§ò"
98889496,MuhcorreiA,Sant√≥polis do Aguape√≠,594,401,False,1390390392458203137,0,0,pt,"@falanext pau no cu, arrombado, cus√£o, peste, praga, rapariga, maldita, tranqueira, mundi√ßa"
1300374948356202496,Liaam_xt,,3,29,False,1390388965836984320,0,0,pt,@falanext poderia ter um codigo n√©
905228285679951873,vemindio,Pelotas/RS,21,89,False,1390383461349924873,0,0,pt,"@falanext alo next, tudo bom? comigo n√£o, eu s√≥ queria puxar meu extrato do ano de  2020 todo, porem o aplicativo de voc√™s s√≥ deixa ate maio. a bia n√£o resolve o meu problema, da uma help ai."
104284854,dodoullmann_40,Porto Alegre - RS,834,507,False,1390381157431320585,0,0,pt,"@bradesco @falanext que piada isso de n√£o estar atendendo por telefone, somente por chat. n√£o sabia que covid pegava por chamada"
934977421329264641,maquiadoida,"Mandagua√ßu, Brasil",537,608,False,1390366918817853445,0,0,pt,a @falanext podia liberar cr√©dito pra mim comprar minha cama n√©
809983564527833088,Pkcrvg,20. | rio de janeiro...,2937,774,False,1390353110606958592,0,2,pt,"oi, @falanext. como eu fa√ßo pra voc√™s pararem de encher minha caixa de mensagem com promo√ß√µes? eu abri uma conta e de l√° pra c√° todos os dias voc√™s ficam enviando mensagem pro meu n√∫mero. jesus..."
2442771840,feministwice,·¥õ·¥°…™·¥Ñ·¥á +  ü·¥è·¥è…¥·¥Ä +  Ä·¥á·¥Ö ·¥†·¥á ü·¥†·¥á·¥õ,805,642,False,1390348537959964673,0,0,pt,"e o @falanext que desde que pedi encerramento de conta n√£o para de me mandar sms, espero que a conta feche logo"
1154232887711010816,Pmartorelli1,,67,178,False,1390342373666926592,0,2,pt,@joaaopaulofr @clarobrasil @falanext a √∫nica lista que voc√™s podem ocupar o topo.
1255551025395707906,Talita13682903,,3,51,False,1390340884525375488,0,0,pt,"@falanext n√£o debitaram, e agora juntaram com a pr√≥xima fatura.
j√° liguei diversas vezes ningu√©m atende, e o atendimento autom√°tico n√£o ajuda em nada!"
1356071872274837507,carolina70x7_,"aratuba, vera cruz, bahia",34,653,False,1390337992951275526,0,0,pt,@falanext j√° consegui. obrigada. tava dando um erro antes e aparecia um aviso amarelo. üëçüèΩ https://t.co/o32ashdxne
1286826240024948740,Eduarda09925254,,249,431,False,1390333587661234176,0,0,pt,@falanext boa tarde
1259878187556909056,HUGOFESTASPRODU,"Rio de Janeiro, Brasil",14,605,False,1390333543721705482,0,0,pt,"@falanext gostaria de deixar minha total indigna√ß√£o para com esse banco mais uma vez bloquearam minha conta , me trazendo muitos transtornos, n√£o resolvem nada , n√£o tem nenhum telefone para contato , a central de atendimento e uma bosta , descaso com cliente , desrespeito total https://t.co/2ikl7lzuul"
1289658155744583681,SisdelliBruno,"S√£o Paulo, Brasil",141,1528,False,1390328919925080069,0,0,pt,"@falanext sim, e segundo a pessoa de vcs que me atendeu ao telefone essa an√°lise pode ser burlada caso a pessoa tenha documentos falsificados com meus dados e a foto dela."
1226954782956544001,oBruuxy,,31,134,False,1390326513803964417,0,0,pt,@falanext consegui! muito obrigado.
1034262196799324160,DPimenta01,"Amp√©re, Brasil",30,59,False,1390314636805873670,0,0,pt,"@falanext tao de sacanagem cara, como q vou altera o e-mail pelo app se n√£o tenho mais acesso ao e-mail q manda o c√≥digo para entrar na minha conta https://t.co/pepotoztau"
408478004,proconspoficial,S√£o Paulo,58988,213,True,1390314289936879617,0,0,pt,"@alandovolei @falanext @bancocentralbr @cnnbrasil bom dia!
sugerimos que registre reclama√ß√£o no sac da institui√ß√£o, na ouvidoria e no banco central, atrav√©s do telefone 145.

caso resida no estado de s√£o paulo, acesse https://t.co/zkgu7ckl8r  e fa√ßa uma reclama√ß√£o."
3866486062,nvadler_,"S√£o Paulo, Brasil",111,157,False,1390313659474272263,0,0,pt,@_ingridalvesp @falanext responde minha amiga por favor!
1293908126610071559,_ingridalvesp,,3,27,False,1390313335309144064,0,1,pt,"@falanext ol√° next poderia resolver o meu problema, no chat do app at√© agora n√£o responderam."
147246619,barbaboy07,"Recife, PE",3155,3056,False,1390304772171784201,0,0,pt,@falanext cad√™ o cupom do uber desse m√™s? üò©
782549350295691264,DaviVinhauau,"Goi√¢nia, Brasil",86,200,False,1390297811212816392,0,1,pt,@jotalafayette @falanext a nata do marketing brasileiro
1262386386637905921,omanuazevedo,,26,69,False,1390297110092910594,0,0,pt,@desatualiza @falanext sim! siiiim!!!! ssiiimmmm!
1337454724438757379,desatualiza,,1,38,False,1390296812418781193,0,1,pt,@falanext depois que indiquei um monte e abriram agr voltam com essa de indicar ü§°ü§°
753594700632879104,JotaLafayette,"Goi√¢nia, Brasil",2204,127,False,1390294687538372609,0,13,pt,"ei, @falanext voc√™s conseguem descobrir o que est√° errado na imagem abaixo? https://t.co/wjlijyjs9p"
1228407353973911553,kifferofc,,199,431,False,1390288478852763651,0,0,pt,@falanext mandei l√°
782333390645235712,_heyJeni,"Araras, Sao Paulo, Brasil",102,73,False,1390283924203520007,0,0,pt,adorei essa novidade do @falanext em fazer transfer√™ncia pelo whatsapp.
1390280025480568832,_MaitaMiranda,,3,5,False,1390281238821445636,0,0,pt,eu t√¥ cada dia mais encantada com esse banco üíö @falanext
916519251405615104,MagoMagroECV,,77,440,False,1390279538295382022,0,0,pt,@falanext respondi l√°
134815560,MercadoPagoBR,Brasil,45638,3,True,1390270169470185473,0,1,pt,"@lucas65330852 @santander_br @facebook @whatsappsbr @itau @nubank @bancointer @bancodobrasil @bradesco @falanext j√° ativamos essa fun√ß√£o, mas como √© nova, estamos liberando aos poucos. nesse caso √© s√≥ ficar de olho em sua conta mercado pago, te avisaremos por l√° quando a op√ß√£o estiver dispon√≠vel para voc√™! #meumercadopagomeujeito üíô"
129249280,annekarolis,"RJ, zo",1357,347,False,1390259964430716929,0,0,pt,nunca tive nenhum problema com a @falanext mas sempre tem a primeira vez e logo mais completa 2 dias que to esperando um especialista para tratar o meu problema e liguei para o sac e ouvi que pasmem ‚Äú√© normal‚Äù essa demora toda
1286826240024948740,Eduarda09925254,,249,431,False,1390155688207396865,0,0,pt,"voc√™ e seu amigo ainda ganha r$ 10,00. abra sua conta e experimente!
https://t.co/pncscayxzt https://t.co/4ev4jbeorn"
1286826240024948740,Eduarda09925254,,249,431,False,1390155337974571010,0,1,pt,"@falanext ganha r$ 10,00. abra sua conta e experimente!
https://t.co/pncscayxzt"
322294602,xilviolc,Curitiba ,17168,597,False,1390152380252102656,0,0,pt,@rodrigosigmura @falanext inter maior e melhor apenas
1356789806647418881,Jniorsilvva,"Rio de Janeiro, Brasil",2,64,False,1390146211831746563,0,0,pt,"@falanext nada reclamar, excelente banco!!!!"
561276285,ramorimotoz,,224,92,False,1390141554883497985,0,0,pt,@raafabazilio_ @falanext eu to eh fechando agora
268776485,gbpiloto,"Erechim, Brasil",181,508,False,1390139804763967489,0,0,pt,"ah mano pqp, sempre elogiei o @falanext pra literalmente todo mundo e agora o banco me faz essa palha√ßada  por isso que a galera vai de nubank msm"
1069772696316198913,mcjorge_oficial,"S√£o Gon√ßalo, Brasil",157,203,False,1390122116054462470,0,0,pt,"@falanext sinceramente, depois de 2 meses tentando eu to quase cancelando a conta"
1069772696316198913,mcjorge_oficial,"S√£o Gon√ßalo, Brasil",157,203,False,1390121854233452544,0,0,pt,"@falanext solicitei pelo chat milhares de vezes, coloquei endere√ßo que me foi pedido e nada, confirmaram a entrega justamente pro local que eu nao queria e nao para o endere√ßo que eu pedi."
1108463686778306560,_batatafritinha,Brasil,251,47,False,1390116310672101378,0,0,pt,@falanext obrigado ‚ò∫Ô∏è
988742967790850048,JonnyKarlss,Na sua bb,67,101,False,1390114675011031041,0,0,pt,@falanext j√° encaminhei!
1062940269803421696,soarezlala,milky way,283,337,False,1390109511327920129,0,0,pt,@falanext t√° errado mas eu mesma corrigi
561276285,ramorimotoz,,224,92,False,1390108533836898305,0,1,pt,"@1mlightweight @falanext @bradesco nossa q desorganiza√ß√£o viu?
vou fechar mesmo ü§ßü§ßü§ß"
1298789948590641152,lucas65330852,,1,4,False,1390096350306574343,0,0,pt,@santander_br fui criar uma conta no @facebook pay para pagar pelo @whatsappsbr e n√£o tem o santander dispon√≠vel. vou precisar abrir conta em outro banco ? @itau @nubank @bancointer @bancodobrasil @bradesco @falanext @mercadopagobr da para abrir com t√° a√≠? https://t.co/nvhmc0m80i
2853930441,1mlightweight,"Sao Paulo, Brazil",253,459,False,1390092517425754112,0,0,pt,"@ramorimotoz @falanext ai amiga @bradesco  e filiados √© um caos, esse ano vou entrar na malha fina pq eles n me mandam comprovante... fecha a conta ü§£ e vem pro nubank"
347926022,xtersm,021,187,115,False,1390091012681383937,0,0,pt,"@falanext adianta de que? me responde uma vez, eu explico o problema e nunca mais. atendimento nota 0!"
1125169528772730881,AlvesFranky,,6,69,False,1390089384050012162,0,0,pt,"@falanext  j√° mandei email n vezes 3 semanas j√° e nada de redefinir minha senha, j√° mandei foto do rg  e tudo, tive que abrir conta em outro banco para poder receber meu sal√°rio"
97953159,diipolar,Campo Grande - MS,1141,826,False,1390084254848147457,0,0,pt,"@falanext n√£o precisa mais, amore."
3376918265,bembolad00,"Bandeirantes, Brasil",3363,451,False,1390083914614648834,0,0,pt,@falanext t√° ligado n√© mlkin kkjkkkj
891107010783129600,pourraajao,,70,207,False,1390083672263602185,0,0,pt,mimo da loja do fallen no @falanext tudo!!!! https://t.co/e9nyyasy8l
561276285,ramorimotoz,,224,92,False,1390071747345539073,0,0,pt,meu deus @falanext como √© dif√≠cil pra vcs solucionarem o problema do cliente n√© meu deeeeeus
365166526,oliveiracvrg,"Rio de Janeiro, Brasil",158,227,False,1390069994780758016,0,0,pt,"@falanext sim, est√°. e esse √© o erro que aparece https://t.co/raynwt5vbw"
988742967790850048,JonnyKarlss,Na sua bb,67,101,False,1390068168509595654,0,0,pt,"@falanext e outra, at√© agora n√£o tive retorno do chat... https://t.co/riw65ilzfv"
68415711,_hen2ry_,"Rio de Janeiro, Brasil",197,175,False,1390068162973114374,0,0,pt,"@falanext de que adianta perguntar como podem ajudar e me abandonar desde as 15:20 sem respostas, n√£o √©, @falanext?"
36785177,rodrigosigmura,Brazil - Curitiba,661,582,False,1390065706704715777,0,1,pt,"eu nunca tive problema com o @falanext, mas t√° dif√≠cil viu... üòì"
1255551025395707906,Talita13682903,,3,51,False,1390062479074635776,0,0,pt,"@falanext @james_xavier quero fazer o pagamento da minha fatura, mas n√£o est√£o descontando"
78102356,iferibeiro,"Mairinque, Brasil",417,164,False,1390061840428851202,0,0,pt,incr√≠vel como o @falanext fica sem servi√ßo sempre em dia de pagamento. puta que pariu!
1226954782956544001,oBruuxy,,31,134,False,1390058371802451970,0,0,pt,"@falanext arrumem isso pfvr, n√£o consigo verificar os documentos e liberar a maioria das fun√ß√µes no aplicativo

(mesmo com permiss√£o de c√¢mera da essa mensagem e n√£o abre, j√° testei em outros aparelhos) https://t.co/chd4ezpybp"
1069772696316198913,mcjorge_oficial,"S√£o Gon√ßalo, Brasil",157,203,False,1390052500812795908,0,0,pt,"a @falanext me irritou extremamente hoje, nao consigo pedir uma segunda via no endere√ßo que eu quero de forma alguma."
15760340,oikathia,Moro num pa√≠s ImpreCionante  ,400,493,False,1390045727959748610,0,1,pt,@elson_junior @falanext banco digital bom √© o inter.
907442637799649280,atainalopes,"BR, 021",61,97,False,1390039658382376964,0,0,pt,olha eu passando estresse com @falanext de novo. 18hr e o encerramento do atendimento deles e nem sinal de ser atendida https://t.co/i72is55oo2
347926022,xtersm,021,187,115,False,1390036873423249411,0,0,pt,@falanext o pior banco que existe!!!
57172308,elson_junior,"S√£o Paulo, Brasil",379,324,False,1390036035757805578,0,2,pt,"c√° estou eu, mais uma vez, para falar que o @falanext tem o atendimento mais lixo poss√≠vel. um banco digital que age como se estivesse no in√≠cio da internet, quando n√£o existiam regras. em 2021, ningu√©m me trata mais desse jeito."
1390035149807624192,Jessica49292218,,0,0,False,1390035785299238915,0,0,pt,"@falanext 
quero muda o e-mail do app"
1377285052015513608,0800papi,,72,45,False,1390030661570936836,0,0,pt,"@falanext de que adianta se vcs n√£o respondem? sabe gente, eu nunca vi vcs n√£o deixarem eu pagar e ainda ter um ‚Äú‚Äùgerente‚Äù‚Äù que me indica abrir conta em outro banco kkkk"
1259878187556909056,HUGOFESTASPRODU,"Rio de Janeiro, Brasil",14,605,False,1390025182107115526,0,0,pt,"@falanext mais uma vez bloquearam minha conta sem nenhum motivo , n√£o consigo fazer nada , preciso pagar contas e est√° bloqueado esse banco e um lixo"
1062940269803421696,soarezlala,milky way,283,337,False,1390023840789635083,0,0,pt,"e o @falanext que me mandou a senha do meu extrato errado, segundo eles eu nasci em 1234, t√¥ veia"
1335832075002388480,VitorZO2,,34,78,False,1390023389675458561,0,0,pt,"@falanext eita porra, obg pela torcida, aproveita e investe no meu est√∫dio next, juro que vai d√° bom, s√≥ preciso do investimento. hahahah ‚ù§Ô∏è‚ù§Ô∏è‚ù§Ô∏è‚ù§Ô∏è‚ù§Ô∏è‚ù§Ô∏è"
310005164,alquatigomes,"Presidente Prudente, Brasil",1966,92,False,1390015200229830662,0,0,pt,"aou @falanext, estou com outro celular e n√£o consigo acessar o app. diz que precisam de permiss√µes, mas est√° tudo permitido j√°."
365166526,oliveiracvrg,"Rio de Janeiro, Brasil",158,227,False,1390014628529324041,0,0,pt,@falanext me deixam ver o hist√≥rico do chat. pq ser√° n√©? est√£o com medo do processo?
365166526,oliveiracvrg,"Rio de Janeiro, Brasil",158,227,False,1390014534891491330,0,0,pt,"@falanext vcs sempre est√£o trabalhando em melhorias, e nunca melhoram. quero que desbloqueiem a conta pra poder pagar a fatura. apenas isso! √© pedir demais? vcs mesmo me falaram que a conta estaria liberada pra pagamento, ap√≥s bloquearem sem motivos. e al√©m de tudo, responderam a msg e n+"
3389172112,douglasluiz69,,25,119,False,1390011310360965120,0,0,pt,5 horas esperando ser transferido para o setor respons√°vel. @falanext o atendimento de voc√™s s√£o p√©ssimo.
1110018579674685441,PuertaThais,,34,107,False,1390007907454967811,0,1,pt,"queria parabenizar o @falanext pelo p√©ssimo atendimento no chat. parab√©ns mesmo, porque √© preciso muito esfor√ßo pra ser t√£o ruim."
1228407353973911553,kifferofc,,199,431,False,1390000874852921344,0,0,pt,@falanext preciso que algum humano me atenda a bia n consegue resolver meu problema
4049388291,lluisandre_,ùêøùë¢ùëñùëß ùê¥ùëôùë£ùëíùë† | ùëÜùê∂,553,330,False,1389999808207851522,0,0,pt,"@falanext tive problemas com a recarga de celular, o valor foi debitado mas n√£o recebi os cr√©ditos. entrei em contato pelo chat para tentar ver o que aconteceu e fui encaminhado para um especialista, o problema √© que at√© o momento n√£o recebi uma mensagem sequer do tal especialista. ü§∑üèª"
122511789,avabiancaa,,749,181,False,1389997313658179587,0,0,pt,eu te odeio @falanext  e o chat que trava sempre que algu√©m me atende meeeeeerda
347926022,xtersm,021,187,115,False,1389994186284412929,0,0,pt,o tanto que eu odeio o @falanext n√£o t√° escrito... todo m√™s uma dor de cabe√ßa diferente
101640041,Raphaelle_c,S√£o Paulo,171,102,False,1389991988229980172,0,0,pt,meu deus que √≥dio do @falanext
101640041,Raphaelle_c,S√£o Paulo,171,102,False,1389986523848724481,0,1,pt,"se algum dia eu falei bem do @falanext eu me arrependo.
estou desde as 10:29 da manh√£ esperando um especialista me responder e at√© agora nada (s√£o quase 14hs da tarde)
@bradesco https://t.co/sj3r4gmt8w"
926450939325710336,_GbrielSilva_,"Bras√≠lia, Brasil",300,852,False,1389983692676902915,0,0,pt,"@falanext  o banco t√° fora do ar o que t√° rolando ?
uso tem um temp√£o e nunca tive problema agora t√° de gracinha e n√£o t√° nem abrindo a interface do banco"
86398305,_GabrielGobg,,715,1067,False,1389980591446237187,0,0,pt,minha conta do @falanext simplesmente n√£o abre em lugar nenhum e eu tenho dinheiro preso e preciso pagar minhas contas. isso √© um absurdo!
1538958811,romera_patricia,S√£o Paulo,54,374,False,1389975311639584771,0,0,pt,"@falanext para mim est√° claro no texto que somente a pessoa que indica √© que gahha r$10, mas a pessoa que indicou insiste que o indicado tamb√©m ganha.
voc√™s podem tirar essa d√∫vida por favor? https://t.co/1dbrppxkho"
1129180666678140933,euzinhahani,,35,207,False,1389974994973757453,0,0,pt,ser√° que a @falanext t√° precisando de gente para trabalhar? tem dias que eu t√¥ tentando falar com atendente pelo chat e quando aparece some em 5 minutos isso quando n√£o respondem as 1:09 da madrugada ü•±
365166526,oliveiracvrg,"Rio de Janeiro, Brasil",158,227,False,1389974272010031113,0,0,pt,"@falanext e a√≠, @falanext. at√© quando vai ficar essa palha√ßada de neglig√™nciar os clientes no atendimento? https://t.co/ctwmhr64qx"
97953159,diipolar,Campo Grande - MS,1141,826,False,1389970877656272902,0,0,pt,"@lucasdellray @falanext quando voc√™ precisa de um atendimento, voc√™ √© obrigado a recorrer o chat, mas no chat n√£o h√° uma pessoa para voc√™ conversar. √© um rob√¥ que fica te dando op√ß√µes at√© encaminhar para o especialista. aqui estou h√° mais de 1 dia aguardando esse especialista me atender."
44991903,lucasdellray,"campo grande, MS",861,760,False,1389969857010192390,0,0,pt,@diipolar @falanext pq n√£o?
97953159,diipolar,Campo Grande - MS,1141,826,False,1389968974432116737,0,1,pt,@reh_lopes @falanext consegue ser o pior banco digital que j√° existiu. o atendimento √© horr√≠vel e voc√™ n√£o consegue falar com ningu√©m no chat.
97953159,diipolar,Campo Grande - MS,1141,826,False,1389965966910660610,0,2,pt,um dica: n√£o abram conta no @falanext.
1307041352925024256,paredartes,,39,82,False,1389963926159433732,0,0,pt,@falanext como que eu pago uma fatura que venceu em 01/05?
74614945,redeffined,S√£o Paulo,477,604,False,1389960780255203329,0,0,pt,o app do @falanext n√£o para de travar üòñ eu s√≥ queria resolver meu problema com o chat ü•∫
69668337,hella_zip,"Curitiba, Brasil",257,193,False,1389959714629427204,0,0,pt,"@falanext engra√ßado porque eles me falaram pra entrar em contato com voc√™s
a√≠ tentei por chat e t√¥ at√© agora esperando um especialista pra resolver meu problema, por telefone voc√™s nem atendem e pelo e-mail tamb√©m n√£o podem resolver meu problema
nunca estive t√£o arrependida"
1332030242416963585,Vanessa70808527,,2,22,False,1389950090459160579,0,0,pt,"oh meu deus, me sinto triste sabendo que todo mundo ganha mimos do next menos eu üò¢ @falanext"
988742967790850048,JonnyKarlss,Na sua bb,67,101,False,1389942237925101569,0,0,pt,"o @falanext conseguiu meu √≥dio completo!
mano o chat de vcs pelo app √© uma merda, todo bugado, uma demora, eu perdi meu √¥nibus por causa da demora de uma transfer√™ncia no chat, al√©m de j√° ter tido pessoas sem educa√ß√£o me atendendo, precisa melhorar isso ai, pelo amor..."
3309967498,LosttheNerve,"Bras√≠lia, Brasil",263,642,False,1389938203856183298,0,0,pt,@falanext q isso @nubank @agibank √≥ os cara querendo bancar minhas divida pra usar a conta deles v√£o deixar???????
721120917817061380,joabepereira_jp,"Salvador, Brasil",15,18,False,1389936464293777408,0,0,pt,"@falanext j√° fiz isso, ativei at√© as permiss√µes que n√£o fora pedidas"
415802575,WSkellington,/tmp/brazil,50,1149,False,1389935170346758145,0,0,pt,"@falanext obrigado pelo retorno, gente! üòò"
86398305,_GabrielGobg,,715,1067,False,1389933391177568264,1,0,pt,"e a√≠ @falanext , at√© quando voc√™s v√£o ficar ""temporariamente fora do ar"" ????? 
preciso resolver minha vida!"
62483307,geraldopcf,"Rio de Janeiro, Brasil",1606,377,False,1389932367742132225,0,0,pt,"@falanext melhor banco sempre, a integra√ß√£o de dep√≥sito imediato no bradesco √© excelente. al√©m de saques ilimitados nos 24 horas e bradesco o que garante a redund√¢ncia no dia a dia. imagine se tem 24 horas to safe, e se tem bradesco melhor ainda."
3309967498,LosttheNerve,"Bras√≠lia, Brasil",263,642,False,1389926316795994114,0,0,pt,@agibank @falanext @nubank @goticgabs o banco que der uma conta com 20 reais de cash ja nois vai chegar junto @nubank @falanext  mandem suas propostas bora bora
127951605,paolabmarinho,Rio de Janeiro - Brasil,309,476,False,1389925936984899588,0,0,pt,@falanext pode me chamar no privado?
1377285052015513608,0800papi,,72,45,False,1389925255054036993,0,0,pt,"@falanext vcs n√£o me deixam acelerar as parcelas e nem pagar o valor integral da minha conta. fui pro atendimento gerencial e fui orientado a cancelar minha conta com voc√™s. ent√£o estou agora em chat fazendo isso, da pra fazer por aqui?"
104808752,ELVISLP27,"Guarulhos, Brasil",106,326,False,1389921462887256065,0,0,pt,@falanext a√≠ next te venero üíö
415802575,WSkellington,/tmp/brazil,50,1149,False,1389917909875576836,0,0,pt,"hey, pessoal do @falanext, voc√™s tem conta pj?"
721120917817061380,joabepereira_jp,"Salvador, Brasil",15,18,False,1389914513542111237,0,0,pt,"@falanext o celular √© um galaxy a01, android 10, vers√£o do app 30.5.2 (ultima vers√£o do app).
obrigado pela aten√ß√£o"
1182967437148508160,ThaisTesivesS,,5,60,False,1389912525844762625,0,0,pt,@falanext s√≥ da pra uma se tiver uma conta no facebook?
127951605,paolabmarinho,Rio de Janeiro - Brasil,309,476,False,1389896088937697281,0,0,pt,@falanext n√£o fecharam a fatura na data prevista e est√£o cobrando duas parcelas da minha p√≥s no mesmo m√™s. ü§°
155904288,gabrielcoltre,,90,126,False,1389887141283520514,0,0,pt,"poxa @falanext, avisa o pessoal da ti a√≠ que quando atualiza o app da sim pra manter a personaliza√ß√£o da p√°gina inicial... toda vez o neg√≥cio bagun√ßa tem que ficar procurando tudo de novo. mais um motivinho de eu estar pulando fora..."
1354890845519040518,Cris14965423,"Esp√≠rito Santo do Pinhal, Bras",117,652,False,1389841973050322949,0,0,pt,@falanext @joaohenriquetk sim eu tive dinheiro
794754907152805889,PkSanchezz,"rj, zn ‚Ä¢ saquarema",890,605,False,1389834562851717120,0,0,pt,"@joaohenriquetk @falanext abre na next n√£o mano, atendimento deles √© complicado, vai sofrer!!!"
1384626378,sorvetinhoverde,Nordeste,188,184,False,1389833913204420611,0,0,pt,@falanext a conta de crian√ßa üòÇüòÇ
168899816,hey_anafritas,,284,81,False,1389796365153325062,0,0,pt,"@falanext eita, @falanext ficou vendo bbb at√© tarde n√©"
33935544,sandratalita,Brasil ,256,96,False,1389791548276101130,0,0,pt,"@falanext estou a uma semana tentando acessar ao pr√≥ximo no meu celular novo, mas o e-mail com o c√≥digo nunca chega, eu tiro uma selfie e nunca vai para o chat e j√° enviei e-mail e nada, ligar piorou pq n√£o est√£o realizando atendimento e o whatsapp  n√£o ajuda em nada affs que decep√ß√£o"
1362202652763947022,idletrwn,conan ‚Ä¢ pm ‚Ä¢ txt,65,65,False,1389782081048297473,0,0,pt,"descobri que o nubank cobra uma taxa enorme de saque e o @falanext nao! transferi meu sal√°rio todinho pra o next, amo"
1333140933198667778,_sahnilguod,,7,81,False,1389759867838152707,0,0,pt,"@falanext horas esperando ser atendido, solicita√ß√µes simples que n√£o s√£o atendidas, atendentes encerrando contato do nada e meu problema principal n√£o √© resolvido."
3180421527,levi13silva,"Senhor do Bonfim, Brasil",54,64,False,1389755962299408387,0,0,pt,"@falanext a gente tenta √© n√£o consegue, mesmo tendo conta a bastante tempo"
1332030242416963585,Vanessa70808527,,2,22,False,1389739680393011202,0,0,pt,@falanext amei demais üòç
3309967498,LosttheNerve,"Bras√≠lia, Brasil",263,642,False,1389737467654385670,0,0,pt,@falanext @nubank @agibank meu amigo @goticgabs ta querendo criar uma conta ajuda ele por favor üòîüòîüëçüëçüåµ
813053237934878721,_Diglock,"Sant√≠ssimo, Rio de Janeiro",1781,450,False,1389736771072704515,0,0,pt,oi @falanext cheguei eem
1223657845461344256,pcaedro,"Maca√©, Brasil",554,505,False,1389716790515838980,0,0,pt,"@falanext se quiserem passar raiva, abre tua conta no next"
1377285052015513608,0800papi,,72,45,False,1389716158736179203,0,0,pt,"vcs tem no√ß√£o que eu cancelei minha conta na @falanext porque al√©m do chat n√£o deixar a gente responder mensagem, eu t√¥ sendo impossibilitado de pagar minha fatura inteira? 

bizarroooooo"
1345923660557803525,Diogo10988325,,1,0,False,1389713451338145793,0,0,pt,"@falanext estou a horas tentando falar com esse banco, atendimento horr√≠vel https://t.co/nqjsuuqbt9"
1376301958613639178,carolsemk__,"Itabuna, Brasil",27,39,False,1389694761196560385,0,0,pt,@falanext kkkkkkkkkkkkkk nem creio que responderam
778640723075825664,_allexudo,,49,56,False,1389686192568942606,0,1,pt,@falanext que foda!
82218423,Gabry1907,,11,52,False,1389681104253292548,0,3,pt,"@falanext como n√£o amar voc√™s üíöüçÄ ... mais uma novidades, que s√≥ o @falanext e capaz de trazer em primeira m√£o.

üíöüçÄüíöüçÄüíöüçÄ"
2342313698,_dfdyt,Brasil,143,409,False,1389678913895518209,0,2,pt,@falanext next sendo perfeito üòçüòçüòçüòçüíöüíöüíö
1336190329968599041,theusbeeating,na sua mente,26,265,False,1389677493158916102,0,0,pt,"@falanext acho muito bom e n√£o pago nenhuma taxa nem nada e j√° irei completar um ano com ele, por√©m at√© hoje n√£o aprovaram o meu credito e eu preciso muito."
1389671870899884040,MARIAPA60193090,,0,1,False,1389674037639532548,0,0,pt,@falanext @vmaaciel j√° fez  tudo que vcs falar nada aconteceu
1389671870899884040,MARIAPA60193090,,0,1,False,1389673601469763588,0,0,pt,@falanext @felpsbirgman oi boa tarde minha senha do next foi bloqueada no caixa eletr√¥nico como fasso pra desbloquear a minha senha do next
1332030242416963585,Vanessa70808527,,2,22,False,1389670450142326784,0,0,pt,@falanext @nerdpai e eu que nunca assisti star wars?üòÅ
1333140933198667778,_sahnilguod,,7,81,False,1389666170387812356,0,0,pt,olha t√¥ pagando pelos meus pecados em vida tentando resolver um problema com a @falanext pqp. https://t.co/rcahhjva3z
983532427866968064,eupaixao1,"Macei√≥, Brasil",1206,622,False,1389663240867753985,0,0,pt,todo m√™s √© uma palha√ßada diferente do @falanext @bradesco
69668337,hella_zip,"Curitiba, Brasil",257,193,False,1389661394199535622,0,0,pt,"@falanext estou tentando cancelar uma solicitado que fiz de um plano dental e n√£o cancela, a√≠ quando pe√ßo ajuda encerram o chat na minha cara sem resolver nada https://t.co/keuw9crdp5"
1375737247,PereiraRodrigo5,,30,288,False,1389653821832503302,0,0,pt,@falanext e dae ? o que 10 reais pode fazer ?
839848973783425025,ThgSorriso,"Santa Cruz, Rio de Janeiro",581,593,False,1389653492793593859,0,1,pt,@iron_marlo @originalkaio @falanext @bancointer vai @falanext eu escolho voc√™!!!
168899816,hey_anafritas,,284,81,False,1389652914709348354,0,0,pt,"@tiagomfr @falanext tem 2 meses que t√¥ tentando encerrar minha conta, tem cabimento isso n√£o"
314025910,tiagomfr,Belo Horizonte,232,428,False,1389651891181793295,0,0,pt,@hey_anafritas @falanext daqui a pouco vc recebe uma resposta do bot
902096641,_mphilip,"Cuiab√°, Brasil",1818,939,False,1389649719010418688,0,0,pt,@falanext preparando pacote agora
1348775126901403649,FXgabizinha,,152,359,False,1389648813153980418,0,3,pt,agora assim!!üíú @nobru @falanext  #nobruenext https://t.co/6zf0md4iui
1167419672138080257,Iza_belmoura,"Natal, Brasil",12,121,False,1389642514542604297,0,0,pt,"@falanext oi, ele consta um bloqueio na hora de realizar compras que n√£o aparece no sistema de voc√™s!"
4049388291,lluisandre_,ùêøùë¢ùëñùëß ùê¥ùëôùë£ùëíùë† | ùëÜùê∂,553,330,False,1389639610242932739,0,1,pt,"@falanext √© um √≥timo banco em geral, mas quando se trata de atendimento ao cliente √© bem desagrad√°vel e p√©ssimo."
1387405686515109889,Adailson1314,,0,3,False,1389639201293996036,0,0,pt,@falanext t√¥ precisando de uma ajuda para fazer minha casa nao tenho condi√ß√µes de construila
4572904719,_larissh,"Osasco, Brasil",60,493,False,1389638014989635585,0,1,pt,"@falanext @nerdpai n√£o me julguem, mas ‚Äúamea√ßa fantasma‚Äù √© o meu preferido ü§∑üèæ‚Äç‚ôÄÔ∏è"
758098002410086400,joaohenriquetk,Brasil,696,37,False,1389635376478920707,0,5,pt,"@falanext ol√°, posso criar uma conta pelo app tendo 17 anos?"
2174983022,vittcrf_,"Rio de Janeiro, Brasil",837,840,False,1389630233586843657,0,1,pt,o servi√ßo de comunica√ß√£o do @falanext √© muito ruim cara
69668337,hella_zip,"Curitiba, Brasil",257,193,False,1389629161828982790,0,0,pt,"2h em uma liga√ß√£o pra descobrir que fui trouxa
@falanext eu te odeio"
1032605289466548225,imbrenno21,"Itabora√≠, Brasil",76,118,False,1389628989921189901,0,0,pt,"imposs√≠vel resolver alguma coisa com o @falanext , uma merda pra resolver um acesso bloqueado!"
3320316250,originalkaio,Na bagun√ßa das gavetas.,392,303,False,1389621439435837441,0,0,pt,@iron_marlo @thgsorriso @falanext @bancointer kkkkkkkk banco doido
1375737247,PereiraRodrigo5,,30,288,False,1389604240142786562,0,0,pt,"@falanext na pr√°tica eh outra coisa , davam 20 reais no uber e agora s√≥ 10"
839848973783425025,ThgSorriso,"Santa Cruz, Rio de Janeiro",581,593,False,1389601806364422150,0,1,pt,"@originalkaio @falanext eu n tenho outros bancos eu tenho esse , me dx kkkk"
3320316250,originalkaio,Na bagun√ßa das gavetas.,392,303,False,1389601499228119041,0,0,pt,@thgsorriso @falanext mas tem outros bancos que tbm fazem isso p√¥
1011555451,umandrecarlos,,1292,411,False,1389595672249315333,0,0,pt,"@falanext consegui ver.

eu pensava que era alguma notifica√ß√£o que chegava.

mt obrigado

#juliettecampea"
3108992417,BorbaGabriel,"Jardim Novo Mundo, Goi√¢nia",385,1313,False,1389593152294735877,0,1,pt,"e o @falanext que me mandou uma caixa de presente. ser√° que a gente que √© professor gosta de canetas, cadernos, sacolas de tecido e de uma caneca pra beber caf√©? https://t.co/egzr7muxie"
51582557,ohblackbird, üìñ 28/50 | ela/dela ,564,175,False,1389587710181007362,0,0,pt,o @falanext tem o pior atendimento do mundo! eu s√≥ queria pagar a minha fatura mas no chat fico aguardando especialista e o telefone n√£o funciona. esse banco √© o meu pior pesadelo
1269717083643879424,_bfrgusta,Leme / Saqua,155,162,False,1389586556906782725,0,0,pt,@falanext fala cmg
902096641,_mphilip,"Cuiab√°, Brasil",1818,939,False,1389585473400721416,0,0,pt,@falanext nem postaram ainds üòê
1011555451,umandrecarlos,,1292,411,False,1389584996327903234,0,0,pt,@falanext dai imagina vc numa fila 24h com gente querendo sacar e eu feito um lerdo esperando esse c√≥digo.
1011555451,umandrecarlos,,1292,411,False,1389584897845628930,0,0,pt,"@falanext e n√£o chega.

tentei v√°rias vezes n√£o chegava nada."
33623751,diegoelison,"Natal, Brasil",1169,516,False,1389584112726519811,0,1,pt,@itscarlalima @falanext parecido com os sonhos do bb.
152459509,biebzdude,,2548,215,False,1389582961511645184,0,0,pt,@falanext vou mandar por mensagem
63201923,tresvezesrafa,"Jacare√≠, Brasil",286,163,False,1389572423805198340,0,0,pt,@falanext next aloca√ß√£o arrojada
1363870770179538948,venushitoshi,@M1YAW0LD ‚òÖ,970,1372,False,1389571905720623112,0,0,pt,@falanext eu uso e √© bom!
1061797354905440258,Isaac_Alves06,"Barreiras, Brasil",117,103,False,1389556133094993935,0,0,pt,"@falanext eu queria pagar por boleto, s√≥ gera a fatura. como vou pagar ?"
426357054,corpomiragem,sem sonhos,392,306,False,1389555892253831171,0,0,pt,"@falanext, pior banco que existe!!!!!!! desde ontem meu namorado tenta tirar um comprovante de pagamento pelo aplicativo e n√£o consegue, tenta falar com uma atendente e tamb√©m n√£o consegue. obrigado, @falanext, pelos meus cabelos brancos e minhas rugas de raiva!"
1011555451,umandrecarlos,,1292,411,False,1389551566089248769,0,0,pt,"@falanext gente, ontem fui sacar no 24h e na m√°quina dizia"" agora coloque o c√≥digo que chegou seu celular"" e nada desse c√≥digo chegar."
46947396,jessicazague,Brasil,234,292,False,1389550862020739074,0,0,pt,"@falanext muit√≠ssimo obrigada üôèüèº
j√° estou em contato com eles."
63201923,tresvezesrafa,"Jacare√≠, Brasil",286,163,False,1389549915001565190,0,0,pt,@falanext o prazo era at√© segunda-feira 03/05/21
63201923,tresvezesrafa,"Jacare√≠, Brasil",286,163,False,1389549687821242371,0,0,pt,@falanext resgatei na sexta-feira passada √†s 18h e at√© agora nada
782333390645235712,_heyJeni,"Araras, Sao Paulo, Brasil",102,73,False,1389546872403005442,0,0,pt,"pra quem n√£o viu meus stories do insta ontem, eu recomendei l√° o melhor banco, o @falanext üíö e quem me conhece sabe o carinho enorme que tenho por eles ! al√©m da gratid√£o pelo melhor atendimento que eu j√° tive."
1389273308869312512,Las04340717,,0,11,False,1389542695706800128,0,0,pt,"@falanext banco p√©ssimo
n√£o tem atendimento ao cliente. estou com um s√©rio problema pra tirar o app de um aparelho para um novo e n√£o consigo. simplesmente n√£o vai e n√£o tenho retorno
enviam c√≥digos atr√°s de c√≥digos e nada. tenho dinheiro na conta, acordo foi quebrado e n√£o consigo ajuda"
1389273308869312512,Las04340717,,0,11,False,1389542102414016519,0,0,pt,"@falanext pensa num banco p√©ssimo. contato apenas por email e sem retorno algum, ou melhor, o √∫nico retorno √© uma msg pronta e nunca resolvem seu problema."
1389273308869312512,Las04340717,,0,11,False,1389541617066029057,0,0,pt,@falanext n√£o retornam e n√£o ajuda o cliente que est√° com problemas para acessar a conta.
1389273308869312512,Las04340717,,0,11,False,1389541489932390404,0,0,pt,@falanext falta de respeito e considera√ß√£o
1371972721857413122,tuvissenalu, RB$  | üëÑ | üßúüèº‚Äç‚ôÄÔ∏è ,208,227,False,1389539302447722500,0,0,pt,@falanext v√£o liberar meu limite quando???????? paguei minha fatura tem v√°rios dias e nada do meu limite voltar pqp tenho que comprar meus rem√©dios
3258682019,alnsousaA,"Maria Helena, Brasil",138,417,False,1389538703299710982,0,0,pt,@falanext opa. n√£o to conseguindo gerar o boleto pra pagar minha fatura
1082099691532242944,thaainaarafaela,,18,77,False,1389531319198232579,0,0,pt,mano essa chat do @falanext √© uma bosta aaaaaaaa ü§Ø
46947396,jessicazague,Brasil,234,292,False,1389510034044899329,0,0,pt,"@falanext sim, desbloqueado. uso em outros apps e lojas."
17656903,felyk69,"Sao Paulo, Brazil",236,348,False,1389444870880874496,0,0,pt,@falanext em resumo. estou com problema em um estorno. a rede fala que j√° estornou e mandou comprovante disso. voc√™s falam que n√£o tem nada com isso √© que eu tenho que ver com a rede. a√≠ prometem um especialista pra ver o que aconteceu e no fim ningu√©m fala comigo.
3180421527,levi13silva,"Senhor do Bonfim, Brasil",54,64,False,1389443404946452483,0,1,pt,"@rafaelamariafb aprende @falanext, pega o caderninho √© anota!"
930223585372798976,emanoele_mira,,203,100,False,1389426336125554690,0,0,pt,"@falanext o banco querido esse... tento ser cliente de voc√™s mas parece que voc√™s fazem de tudo pra mim n√£o ser. toda fatura tem um errinho, s√≥ que o erro dessa vez √© de 400,00! t√¥ esperando o limite ser restabelecido üôÇ pela cobran√ßa errada de voc√™s."
1011555451,umandrecarlos,,1292,411,False,1389402738484727808,0,0,pt,hoje vi o quanto o @falanext √© ruim
19270225,idemjerry,"Manaus, Brasil",968,378,False,1389390549162106883,0,0,pt,"@niconatv_ tenho amigo que trabalha l√°, mas que humilha√ß√£o essa pol√≠tica de cr√©dito deles. o @c6bank @falanext @mercadopagobr  s√£o bem mais justos que o ""roxo quadrado""...."
828795473867710466,fanchista,"S√£o Paulo, Brasil",667,459,False,1389387147959054336,0,0,pt,"@falanext ola! ap√≥s colocar a chave e o valor, aparece essa mensagem de ""falha na comunica√ß√£o"" https://t.co/naomrm9oa4"
1061797354905440258,Isaac_Alves06,"Barreiras, Brasil",117,103,False,1389383535623081988,0,0,pt,"deixo aqui toda a minha indigna√ß√£o com o aplicativo do @falanext. p√©ssimo. lento e nada interativo. pra pagar a fatura √© um sacrif√≠cio, n√£o gera o boleto em pdf ü§¨ü§™"
793994419359846400,carlinhandrade_,"Esp√≠rito Santo, Brasil",455,371,False,1389371961663541252,0,0,pt,@filipin013 @bancointer @falanext eu to l√° j√° kakaka
820991914715529216,filipin013,S√£o Mateus üîÅ Linhares,278,270,False,1389371870286426115,0,1,pt,"@carlinhandrade_ @bancointer vai pro @falanext, o melhor do mundo"
1389369304366395399,Luiz93299097,,0,0,False,1389369847633612810,0,0,pt,"@falanext n√£o consigo entrar na minha conta,  por favor me ajuda"
764861805466451973,phvictorr,"Sete Lagoas, MG - Brasil",84,98,False,1389364075986104326,0,0,pt,"@falanext depois disso, uma tal ""j√∫lia"" me atendeu v√°rias vezes. e da mesma forma; ""aguarde que estou buscando informa√ß√µes"" e depois de uns 8 minutos diz que precisa me direcionar para um ""especialista""."
764861805466451973,phvictorr,"Sete Lagoas, MG - Brasil",84,98,False,1389363747639201794,0,0,pt,"@falanext e nunca √© direcionado ao ""especialista"". no primeiro atendimento que foi encerrado, a atendente chegou a me solicitar o e-mail para envio dessas faturas, mas encerrou por ociosidade de 2 minutos."
764861805466451973,phvictorr,"Sete Lagoas, MG - Brasil",84,98,False,1389363541656866817,0,0,pt,"@falanext preciso das faturas entre os meses 02/2020 e 08/2020. j√° solicitei via chat e a √∫nica vez que iriam me enviar, por conta de 2 minutinhos que fiquei fora do chat, enceraram o atendimento. depois disso, s√≥ me respondem isso aqui; https://t.co/b52endu8mi"
828414194726866944,carolstuvrt,bh,3513,1735,False,1389363246033997824,0,2,pt,@falanext libera a minha conta n√£o eh poss√≠vel que vcs n√£o tenham um sistema que funcione
923642523813404672,Luizar_ibeiro,,985,378,False,1389360222532210692,0,0,pt,a central de atendimento do @falanext e um lixo no üò§
902096641,_mphilip,"Cuiab√°, Brasil",1818,939,False,1389339493904310283,0,0,pt,"@falanext dia 28/04 , moro em mato grosso"
68518592,mari9459,,607,1202,False,1389338065978679296,0,0,pt,"@falanext n√£o estava conseguindo instalar. acho q foi algum problema na play store tinha testado em outros aparelhos e n√£o funcionava, depois voltou ao normal. obrigada!"
404083442,laribroering,"Florian√≥polis, Brasil",2361,1821,False,1389332136017244162,0,0,pt,@falanext me d√° um help a√≠
17656903,felyk69,"Sao Paulo, Brazil",236,348,False,1389331119523442691,0,0,pt,quase arrependido de ter trocado para o @falanext . estou tentando contato h√° semanas no chat e at√© na ouvidoria. ou o next n√£o tem o t√£o prometido especialista para atender ou tem t√£o poucos que a fila para ser atendido √© de mais de um m√™s. lament√°vel.
3258682019,alnsousaA,"Maria Helena, Brasil",138,417,False,1389327371229188096,0,0,pt,alo @falanext algu√©m pra me ajudar?
4509022997,PradellaVini,"Ara√ßatuba, Brasil",968,1471,False,1389327183185858561,0,0,pt,@falanext lament√°vel ein banquin
169723791,allanfreitasti,"Mongagu√°, Brasil",6,43,False,1389318537618071562,0,0,pt,"ag√™ncia 2846-0 do @bradesco @falanext de palha√ßada , fui sacar, e as notas ficou presas e n√£o saiu, e descontou da conta e n√£o quer devolver o valor. #bancoruim"
1257859602865061888,reserva2021,,259,56,False,1389316701641187330,0,0,pt,"voc√™s querem um banco com p√©ssimo atendimento? sem nenhum atendimento eficiente? e nenhuma disponibilidade de resolu√ß√£o de problemas? 
s√≥ buscar o pior banco do brasil @falanext 
garanto que vc vai sofrer horrores e sem previs√£o de melhora"
1268748506019303424,JVictorAvlis,"Salvador, Brasil",6,35,False,1389310489965088770,0,3,pt,"@nubank aumenta o meu limite s√≥ mais um pouquinho pra largar o @falanext de vez . 
eu n√£o aguento maaaaais

3 dias pra conseguir resolver uma besteira ü§°ü§° https://t.co/s7l3p9c2as"
2298511971,taisuchoa_,019,913,578,False,1389309140942602245,0,0,pt,@falanext mas vcs nunca aceitam üôÑ
162546372,picolinodoidao,hellcife,217,220,False,1389302327421583361,0,1,pt,"@falanext @bradesco joga essa porra de atendente rob√¥ bia no lixo, inferno de chat ruim"
1339756778821697538,nobru_vick, BOA SORTE FLUXOüíú e LOUDüíö,39,116,False,1389293801303384065,0,0,pt,@falanext s√≥ tenho a agradecer por vcs estar proporcionando esse mimos aos meninosüíú assim eles v√£o poder fazer uma boa viajemüíú #next üíúüíúüíúüíú
50837078,JosinhaCarvalho,,174,189,False,1389293193213140993,0,0,pt,@falanext nao foi debitado. deveria de ter a op√ß√£o de excluir . j√° que vcs aceitam incluir d√©bito autom√°tico na conta.
764861805466451973,phvictorr,"Sete Lagoas, MG - Brasil",84,98,False,1389291111873662978,0,1,pt,"se o @falanext investisse tanto em atendimento como investe em propaganda, teria um atendimento no m√≠nimo descente. o atendimento de voc√™s √© prec√°rio, √© p√©ssimo, √© horr√≠vel. sou cliente desde 2017 e isso nunca foi diferente. preciso de atendimento e sem sucesso."
41128659,SymaraRodrigues,Bel√©m (ou porta do inferno),386,310,False,1389290736290500608,0,0,pt,"@falanext ""sistema fora do ar"". desde ontem."
68518592,mari9459,,607,1202,False,1389278554840604692,0,0,pt,"@falanext o q t√° acontecend√≥ com o app???? n√£o t√° instalando por nada!! preciso, estou com dinheiro na conta √© preciso movimentar."
389665972,fxnemendsx,"S√£o Paulo, Brasil",700,531,False,1389275497658519558,0,0,pt,@falanext me ajuda a√≠ n√©
907442637799649280,atainalopes,"BR, 021",61,97,False,1389272119217897485,0,0,pt,@falanext pode me ajudar resolvendo meu problema com o cancelamento de uma transferencia
907442637799649280,atainalopes,"BR, 021",61,97,False,1389268130690707462,0,0,pt,"@taydepoio @falanext amiga ta foda, to quase desistindo"
891452134989942788,hidatn,ghost girl.,273,273,False,1389266346635038721,0,0,pt,@tetelau @falanext se liberar te mando um agradinho
902302982800375808,taydepoIo,"Rio de Janeiro, Brasil",9403,709,False,1389265777640026118,0,1,pt,@atainalopes @falanext que absurdo isso
926435900917207040,urlscar,anitta,1443,1555,False,1389259939919671298,0,0,pt,"@falanext se voc√™s fossem um banco de verdade, qual s√©ria?"
922609708183248896,aimreisz,Âπ≥Âíå,100,161,False,1389259345649704962,0,0,pt,"@falanext estou tentando comprar o fone morcego roxo na fallen store, mas quando coloco o c√≥digo de desconto de 20% diz que os produtos n√£o atendem as regras do cupom.
helpme"
1526512140,aoribeiroo,"Pernambuco, Brasil",339,420,False,1389246725152464900,0,1,pt,"eu n√£o sei porque voltei a usar o @falanext, pior atendimento que existe. pense no desgaste!"
50837078,JosinhaCarvalho,,174,189,False,1389242459138502658,0,0,pt,@falanext preciso cancelar um d√©bito autom√°tico de uma conta da tim que foi cobrada com valor indevido. ja resolvido na tim. que pediu para entrar em contato com o banco pedindo o cancelamento do d√©bito autom√°tico que seria dia 07/05.
75270506,derleywillian,Geralmente Brasil,190,299,False,1389241484600348675,0,0,pt,comecei meu treino na academia e estava esperando um especialista do @falanext falar comigo pra resolver meu problema. terminei o treino e nem sinal de atendimento ainda.
1355233191582453763,neri_aparicio,,26,401,False,1389238438638112768,0,1,pt,@falanext vcs nunca respondem pelo chat
2298511971,taisuchoa_,019,913,578,False,1389236963841036290,0,0,pt,@falanext arruma isso ai q √≥dio
907442637799649280,atainalopes,"BR, 021",61,97,False,1389235540084600834,0,1,pt,n√£o √© a primeira vez que eu tenho problema com o @falanext e o atendimento √© uma porcaria
907442637799649280,atainalopes,"BR, 021",61,97,False,1389234762125086721,0,0,pt,pior atendimento da vida √© banco @falanext estou ha duas horas na porra do chat e eles nao repsondem
41128659,SymaraRodrigues,Bel√©m (ou porta do inferno),386,310,False,1389232759558782980,0,1,pt,pensando aqui que o @falanext podia deixar eu pegar dinheiro da minha poupan√ßa pra eu almo√ßar....poooxa....podia n√©?
1132279517442203653,choicesnobru,a mais braba de konoha,4504,3537,False,1389222583598559234,0,0,pt,@falanext sim!! ja quero um
965217409937395712,probablynotmadu,infj ,1542,1735,False,1389218025992302602,0,0,pt,@falanext eh brincanagem vida kkkkk
1371470188139454464,Adriana22354585,,24,125,False,1389194659919011847,0,0,pt,@falanext @james_xavier oi n√£o consigo entra na minha conta pq o meu imail foi clonado e meu n√∫mero como fa√ßo
1048675332973187072,yumiikedo,Brasil,17,80,False,1389170038817529857,0,0,pt,@falanext pq vc complica o pagamento da fatura!?!?!
713231612293591040,Raidoflow,"Rio de Janeiro, Brasil",767,531,False,1389161954942537730,0,0,pt,"@falanext agiliza o atendimento do chat, mais de uma hora pro ‚Äúespecialista‚Äù responder !"
1353887158419992576,joaobsilvx,- üåµ ,50,26,False,1389140581583032326,0,1,pt,@sacoiadomercad0 @bradesco @falanext @lupalvss meu deus
850902273400111104,ElBromasz,"Montes Claros, Brasil",16,181,False,1389034598009556997,0,0,pt,"@falanext pode ajudar n bugando o bot√£o de gerar fatura e por causa disso eu n conseguir pagar, pode ajudar falando pra os funcion√°rios n mentirem dizendo q n√£o vai aumentar os juros de atraso, quando na vdd aumentou pq n consegui pagar por culpa suas"
1339756778821697538,nobru_vick, BOA SORTE FLUXOüíú e LOUDüíö,39,116,False,1388954232695443460,0,0,pt,@mestrek9 @energydrinktnt @falanext ameiiii tooodos os mimos eles arrasa muitoüíúüíúüíúüíúüíúüíúüíúüíúüíú
1356789806647418881,Jniorsilvva,"Rio de Janeiro, Brasil",2,64,False,1388951308875485190,0,0,pt,@bancointer no meu banco tbm √© gratuito @falanext
1350450389783556096,Davidvidaoliver,"S√£o Jos√© dos Campos, Brasil",40,252,False,1388945187330797570,0,0,pt,"@mestrek9 @energydrinktnt @falanext faz alguma coisa , d√° uma dica pra esses meninos da flow pelo amor de deus cara 
queremos pelo menos ver eles jogando , n√£o est√£o nem clicando 
da um jeito , pelo menos pra ter um √¢nimo pra assistir pelo menos üòëüíú"
1224377877543735297,LynnaGusmon,,20,573,False,1388943027033546752,0,2,pt,@mestrek9 @energydrinktnt @falanext que horas v√£o viajar ?
1374705372552904706,eei_manuuh,"S√£o Paulo, Brasil",65,216,False,1388941490207043586,0,1,pt,"@mestrek9 @energydrinktnt @falanext amei td, üíú"
1238101580454526977,andersonxbkr,"Teres√≥polis, Porto Alegre",485,476,False,1388938006913069058,0,0,pt,@mestrek9 @energydrinktnt @falanext muito fera!
1385057776838320131,gada_fluxo,"Varj√£o de Minas, Brasil",1,34,False,1388937984293183490,0,2,pt,"@mestrek9 @energydrinktnt @falanext mais tipo se vc quiser  me da  uns dos integrantes do fluxo seria melhor  
tipo o @fluxo_godkill ou o @nobru"
1262936890573049858,fxthaty,Corinthians ,1319,1366,False,1388937901925339136,0,2,pt,@mestrek9 @energydrinktnt @falanext tudo t√£o lindo &lt;3
1385057776838320131,gada_fluxo,"Varj√£o de Minas, Brasil",1,34,False,1388937810279862277,0,1,pt,"@mestrek9 @energydrinktnt @falanext so  um ""oi"" ta  bom"
1385057776838320131,gada_fluxo,"Varj√£o de Minas, Brasil",1,34,False,1388937726590865419,0,2,pt,@mestrek9 @energydrinktnt @falanext bem que tu podia me nota n√©
1291856741706145795,DisneyNobru,,270,244,False,1388937680839380992,0,1,pt,@mestrek9 @energydrinktnt @falanext t√° muito lindo!!!
1156211824376864768,mestrek9,"Paripiranga, Brasil",43200,192,False,1388937498970177538,4,504,pt,"muito presente dos patrocinadores, ta maluco! obrigado @energydrinktnt , @falanext"
1234177929267073026,senhoritaXavi,"Rio de Janeiro, Brasil",34,123,False,1388926391404670989,0,0,pt,@falanext o app s√≥ estava desatualizado
140109538,RenatoLeskZague,Rio de Jeneiro,88,89,False,1388921594819530752,0,0,pt,"@falanext n√£o tenho cr√©dito, t√¥ na esperan√ßa de receber um dia, ent√£o sempre paguei com d√©bito, e n√£o aparece no meu mimo, se vc puderem me liberar 50 no cr√©dito amariaüíöüíöüíö"
191438492,Maryterrila,"Palmas, Brasil",56,109,False,1388880858090774531,0,0,pt,@falanext necessitando retorno
1208594333097693187,simcaroll,"Caruaru, Brasil",94,205,False,1388845965608620034,0,0,pt,"@falanext 20 de abril, sou de pernambuco!"
1375886903766102024,Taynara86767278,,2,13,False,1388746449819684867,0,0,pt,@falanext @falanext libera pra mim a promo√ß√£o indica e ganhe meu nome do titular taynara cristina princesa silva t√¥ aguardando j√°  quero indicar antes que acabe a promo√ß√£o porque voc√™s s√≥ liberam pra novos usu√°rios quem j√° √© cliente a tempo que tinha que ser beneficiado
1375886903766102024,Taynara86767278,,2,13,False,1388746223872532481,0,0,pt,@falanext libera o meu nome do titular taynara cristina princesa silva t√¥ aguardando j√°  quero indicar antes que acabe a promo√ß√£o
15344610,ehcarlosmesmo,Brasil,337,698,False,1388680100053463041,0,0,pt,"se isso era pra tentar fazer a gente desistir de encerrar, n√£o t√° funcionando. muito pelo contr√°rio! isso s√≥ me d√° menos vontade ainda de ser cliente @falanext 
e pensar que eu cheguei a indicar alguns clientes antes. extremamente decepcionado üò¢"
140109538,RenatoLeskZague,Rio de Jeneiro,88,89,False,1388639031039307781,0,0,pt,"a√≠ @uber_brasil vc n√£o tem mais a parceria de 20 off para clientes @falanext ? n√£o achei o cupom em mar√ßo, abril e maio ü§°"
1387231550371160070,Milena54513152,,8,80,False,1388604076913475588,0,0,pt,@falanext o cara que paga aluguel da minha m√£e depositou a uma semana e at√© agora o dinheiro n√£o caiu na conta üòî
3863553197,eduardaisapb,"Rio Verde, Brasil",131,384,False,1388588038637371393,0,0,pt,"@limalopesk @falanext o kwai est√° dando 400 reais pra quem entrar pelo link abaixo e convidar 5 amigos. ‚ù§Ô∏è‚ù§Ô∏è‚ù§Ô∏è
https://t.co/gfjlugk4li"
1099438684565311489,opskcce,,183,334,False,1388572895983677443,0,0,pt,o @falanext s√≥ d√° recompensa por indica√ß√£o depois que eu j√° fiz deus e o mundo fazer uma conta ü§°üò≠
1177650264683274242,CarlosR06731141,,15,116,False,1388563148177920002,0,0,pt,@falanext blz!! eu tenho a conta e queria saber como fa√ßo pra ativar a fun√ß√£o cr√©dito? eu tenho q movimentar a conta?
16575853,kinwalker,Manaus,4849,4799,False,1388556179001987078,0,1,pt,@nnaomeseguepf @falanext e a dona @falanext faz tudo!
1499142282,nnaomeseguepf,,1415,358,False,1388555984117829636,0,1,pt,@kinwalker @falanext ameeeei https://t.co/adsarz5cdz
16575853,kinwalker,Manaus,4849,4799,False,1388555522186661890,0,0,pt,@nnaomeseguepf @falanext avisa que nos meus dados eu posso ser quem eu quiser üíö https://t.co/mhtqu2ajaf
16575853,kinwalker,Manaus,4849,4799,False,1388554644129976323,0,0,pt,@nnaomeseguepf no @falanext eu posso escolher o nome que eu prefiro ser chamado üíö
1035417682206773248,ifuseekd,,30,93,False,1388540306803630082,0,0,pt,@falanext  voc√™s s√£o um banco online que s√≥ funciona dia de semana???
1313907359211757574,acaboucomedia,Brasil,183,615,False,1388525752946147345,0,0,pt,@falanext patroc√≠nio que n√£o chega p mim.
850902273400111104,ElBromasz,"Montes Claros, Brasil",16,181,False,1388523383525150721,0,0,pt,"pior coisa que fiz na vida foi ter feito uma conta no @falanext, nunca vi um banco com um servi√ßo t√£o podre e nada intuitivo, fora ter q ficar 6 horas esperando ser encaminhado"
106508064,amartinsbc,Natal,537,366,False,1388492849960861696,0,0,pt,@falanext elas aparecem normalmente. mas clicando n acontece nada. como se estivessem desabilitadas
1149703539561771008,excludente,üöÄ,473,432,False,1388472514980945920,0,0,pt,@falanext oi migles n sei oq rolou mas ele ativou kkkkkksjd eh nois
875196251935051776,CaioArgol,"Praia Grande, Brasil",501,375,False,1388321393033498624,0,0,pt,"@youssef_24k @falanext sas hr kkkkk tu q t√° rei da next, exqueceee fiooo"
1074202332,petrovaddiction,Atlanta,1643,1508,False,1388290037985562629,0,0,pt,@falanext @fallencs @fallenstorebr v√¥ te que troca de banco
1354890845519040518,Cris14965423,"Esp√≠rito Santo do Pinhal, Bras",117,652,False,1388278848568053761,0,0,pt,amor esse dois est√£o gatinhos @gordox @falanext @bak @copanobru #copadonobru @nobru #nobru #cpn
450662938,joaopedrocenna,Brasil,794,781,False,1388268840694472711,0,1,pt,agora sou @falanext üíö
1177650264683274242,CarlosR06731141,,15,116,False,1388264060186148869,0,0,pt,@falanext tem desconto no cinemark?
1383297640834617355,_lewisdota,,32,463,False,1388252361739677699,0,0,pt,@falanext @fallencs @fallenstorebr parab√©ns pela nova parceria fallenz√£o. üëë
1164006374843584512,BielzeraDoidera,"ŸÖŸÉÿ© ÿßŸÑŸÖŸÉÿ±ŸÖÿ©, ÿßŸÑŸÖŸÖŸÑŸÉÿ© ÿßŸÑÿπÿ±ÿ®Ÿäÿ© ÿß",15,161,False,1388251974617939968,0,0,pt,"@nobru @fallencs @falanext @fallenstorebr o nobru comenta do nada em uns comentarios de 23 horas atr√°s, 3 dias, 1 semana kk"
1207267366540922883,nobru,"S√£o Paulo, Brasil",674235,65,True,1388251741615951877,1,76,pt,@fallencs @falanext @fallenstorebr bem-vindo ao time fera! üíöü§ù
1174481301027590144,eqasd1t,"S√£o Paulo, Brasil",8,63,False,1388245806336073732,0,0,pt,@falanext se me mandar a fatura por email ou sms ou posso quitar normalmente e voc√™s resolver o problema de acesso quando poss√≠vel
723326210835636224,aney_silva,"Teixeira de Freitas, Brasil",509,510,False,1388245344870350850,0,0,pt,@falanext ser√° que assino? t√¥ tentado hein @falanext
199509996,helton43,,22,103,False,1388241845600325640,0,0,pt,"eu j√° testei todos os principias bancos digitais do mercado! 
de todos o meu preferido √© o @bancointer e o pior disparado √© o banco @falanext ."
320885339,MC_fernandol,,5,20,False,1388238442845417472,0,0,pt,"@falanext s√≥ d√° pra antecipar a fatura por chat e at√© 4 dias √∫teis antes do vencimento, isso √© horr√≠vel, qualquer banco hoje voc√™ consegue antecipar a fatura com apenas um bot√£o"
79184083,Bradesco,Brasil,196715,3,True,1388225829692481538,0,0,pt,@zecatelan oiee! o que aconteceu? vc tentou falar com o perfil @falanext ?
1250803594456170497,MarlonFive1,,77,890,False,1388218902648348681,0,0,pt,"@falanext eu gosto, por√©m d√£o cr√©dito nunka"
101188381,RAFpontin,Caxias do Sul,574,2651,False,1388214347902619649,0,0,pt,@falanext continuam me enrolando
2268059311,Gustavo_Kroeger,- Keyblade Graveyard -,88,519,False,1388213486199746560,0,1,pt,"@falanext @fallencs @fallenstorebr obrigado next pelo p√©ssimo atendimento e descaso com os problemas dos clientes, p√©ssimo servi√ßo e atendimento, horas de espera e sem resposta alguma https://t.co/qayt9msxbh"
2268059311,Gustavo_Kroeger,- Keyblade Graveyard -,88,519,False,1388211680061050887,0,0,pt,"@falanext obrigado pelo p√©ssimo servi√ßo e atendimento de merda que vcs prezam pelos clientes

boletim de ocorr√™ncia registrado, obrigado por isso https://t.co/8nhp1goyja"
775091255613292545,filho_doSol,under the chemtrails,424,340,False,1388202323349053451,0,0,pt,"@falanext n√£o tira a foto, eu j√° coloquei o celular em trip√© e coloquei bem centralizada no ret√¢ngulo da moldura. e sim, est√° fora do pl√°stico"
1004955238850355200,ohacarol,,117,116,False,1388195387878563843,0,0,pt,@falanext o c√≥digo pra alterar minha senha de acesso n√£o chega no e-mail üò¢ e quando chega diz que √© inv√°lido
79184083,Bradesco,Brasil,196715,3,True,1388186346569801728,0,0,pt,@kauansouza30 oiee! oriento que fale com o perfil @falanext .
1004955238850355200,ohacarol,,117,116,False,1388178660188999689,0,0,pt,@falanext corre aqui
101188381,RAFpontin,Caxias do Sul,574,2651,False,1388172094232580102,0,0,pt,"@falanext atendimento p√≠fio, n√£o consegue resolver nada, nem no chat, nem no twitter e telefone fora do ar #vergonha #next #consumidor #reclameaqui"
1154232887711010816,Pmartorelli1,,67,178,False,1388169266181165058,0,4,pt,"@falanext o pior banco do mundo. fujam. nao respondem em nenhum lugar, cobram taxas sem justificativa e nao resolvem o proprio erro."
1034376281847222272,fiinhosa,Brasil,228,255,False,1388165550753341441,0,1,pt,n√£o tem condi√ß√µes vcs bloquearem o dinheiro de algu√©m e nem explicar o motivo. @falanext
1034376281847222272,fiinhosa,Brasil,228,255,False,1388165546496172033,0,1,pt,essa @falanext √© uma merda. estou h√° mais de 3h esperando retorno no chat e nada. vtnc j√° liguei pra deus e o mundo
733056324884402181,josejorgedlucca,PR ,195,606,False,1388163281936863232,0,1,pt,@falanext a @fallenstorebr j√° resolveu para mim üòÅüòÅ
2934426129,gabizota_,,867,749,False,1388152404240175107,0,0,pt,@rafaelm49410230 @falanext kkkkkk o mano
1129202499808911363,RafaelM49410230,,13,21,False,1388151832606818305,0,1,pt,"@gabizota_ @falanext chama nao, fala por aqui pra gente acompanhar!"
2479696104,Alexandrelsl,Ishval,27,440,False,1388149574007762945,0,0,pt,@manopatricks @falanext @fallencs @fallenstorebr sim mano nem pra cancelar essa praga essa porra de banco presta
2934426129,gabizota_,,867,749,False,1388147895849963523,0,0,pt,@falanext chamei
156755131,rannissima,"Minas Gerais, Brasil",199,622,False,1388147215709966336,0,0,pt,@falanext indo üöÄ
305119997,bortolusci_,,178,125,False,1388145361097789440,0,0,pt,"@falanext me ajuda ai, meia hora precisando falar com algum especialista mas s√≥ tem como conversar com o rob√¥"
889342791406505984,its_wilckson,S√£o Paulo,430,489,False,1388140752966987778,0,1,pt,e a√≠ @falanext como que voc√™s disponibilizam ajuda desse jeito? https://t.co/8x24ez6nm8
889342791406505984,its_wilckson,S√£o Paulo,430,489,False,1388140745601785857,0,1,pt,"dif√≠cil esse atendimento da @falanext tento fazer a opera√ß√£o que quero pelo aplicativo, o mesmo diz que s√≥ posso fazer pelo chat. tento fazer pelo chat, ele me joga para o aplicativo. entro em contato pelo whatsapp e eles me mandam fazer pelo chat"
156755131,rannissima,"Minas Gerais, Brasil",199,622,False,1388137401302781957,0,0,pt,"@falanext tudo bem e vcs?

to precisando mudar meu pacote de servi√ßos e quando vou nessa op√ß√£o no app da erro. a mensagem que aparece: erro no acesso a base de dados 

to tentando isso desde segunda-feira, dentro do hor√°rio indicado (8h as 17h)"
965350661528457216,th_eux,,460,621,False,1388134240122978311,0,0,pt,@falanext nada bem. d√©bito autom√°tico √© exatamente o problema. vence num dia e s√≥ faz o d√©bito do dinheiro 3 ou mais dias depois.
983821352393113600,wrldoug,999,255,199,False,1388131267699482629,0,0,pt,"@falanext e a op√ß√£o de gerar boleto no pr√≥prio app, hein?"
2255111551,instantonio,"Rio Grande do Sul, Brasil",130,328,False,1388128389542916097,0,0,pt,@simonekchaves @falanext aconteceu a mesma coisa comigo e ningu√©m resolve o problema!!!!!!
703288730728140800,fallenstorebr,"S√£o Paulo, Brasil",56812,311,False,1388121381330690052,0,1,pt,@pedrohbdr @falanext @fallencs hahahahahaha seria incr√≠vel!
1280859134951337985,belcarnica,,17,17,False,1388118655943258114,0,0,pt,@falanext mto bom!!
281788797,thiagocabralz,"Florian√≥polis, Brasil",568,501,False,1388111988400742408,0,0,pt,@falanext @fallencs @fallenstorebr agora n√≥s tamo jogando
761204864676458496,Gedeaobrito,Sorocaba / Sp,95,421,False,1388108533569294339,0,1,pt,@falanext @fallencs @fallenstorebr presente
708734142360494080,lobatoabraao,"Belo Horizonte, Brasil",130,814,False,1388101696933572612,0,2,pt,"ol√° @falanext estou h√° mais de uma semana aguardando a resposta no chat e nada. houve um d√©bito indevido na minha conta e voc√™s n√£o conseguem resolver. que descaso e p√©ssimo atendimento, decep√ß√£o."
2255111551,instantonio,"Rio Grande do Sul, Brasil",130,328,False,1388089525084229637,0,0,pt,@falanext mais uma vez com um p√©ssimo atendimento ao cliente... mais de 24h e nada da minha grana na conta...
1965627416,D_Domiinic,Mogi das Cruzes - SP,575,308,False,1388083208584040452,0,0,pt,"@falanext mandei email l√° hein, n√£o consigo acessar minha conta, preciso receber dinheiros"
4105274176,Matewziz,"S√£o Paulo, Brasil",904,1045,False,1388071007458635778,0,0,pt,"@falanext @whatsanittx n√£o demora bruaca, a hot 100 n√£o vem do nada"
778795345614544896,IgorManoeloliv1,"S√£o Paulo, Brasil",13,412,False,1388005931838058496,0,0,pt,@falanext @fallencs @fallenstorebr @falanext  a plataforma n√£o funciona...por isso o a @nubank  e melhor fintech do pa√≠s!
32958464,Essa_Pessoa_,Rio de Janeiro,1053,886,False,1388001271286730754,0,0,pt,"@falanext logo vi, tava bom demais kkkkk"
906766048757735424,kainanrafaell,Konoha,30,255,False,1387982263959363586,0,1,pt,"@falanext @fallencs @fallenstorebr a√≠ por isso amo esse bancoüíúüíú
presente professor @fallencs ü§öüèø"
112897001,FalleNCS,,1103517,1323,True,1387978367702605827,0,9,pt,@josejorgedlucca @falanext @fallenstorebr manda msg pra gente vamos t ajudar l√° da loja!
733056324884402181,josejorgedlucca,PR ,195,606,False,1387975848192532486,0,0,pt,"@falanext @fallenstorebr e o cupom n√£o t√° funcionando seus buceta, s√≥ funcionou quando eu coloquei +1 teclado no carrinho sem querer, que decep√ß√£o fui hypado pra comprar https://t.co/n8cksvvtjh"
733056324884402181,josejorgedlucca,PR ,195,606,False,1387975433765990405,0,2,pt,"@falanext @fallencs @fallenstorebr fake! fui hypado comprar o teclado que voc√™s falam que est√° com 30% de desconto no aplicativo, gerei meu cupom e l√° fala que o produto n√£o atende as regras do cupom, uma hora eu sem querer lancei 2 teclados, ai foi! n√£o t√¥ entendendo nada, j√° mandei mensagem para a loja https://t.co/chuyzgmkxb"
1086740901941182465,GiFerro2,,19,380,False,1387963603521835011,0,0,pt,@fallencs @falanext @fallenstorebr presente professor üíöüíö
132503689,DaniloSoarex,Wakanda - CE,2424,990,False,1387962167975153669,0,0,pt,"finalmente o next fazendo uma parceria dahora 

sem contar os mimos, √© claro https://t.co/l5tx1iryhw"
